ID_Retour;ID_Vente;ID_Date_Retour;Date_Retour;ID_Motif;Montant_Rembourse;Delai_Retour_Jours
1;33554;646;2024-10-07;1;2126.39;3
2;9428;101;2023-04-11;1;3705.18;14
3;200;34;2023-02-03;7;166.42;7
4;12448;163;2023-06-12;2;1144.1;7
5;39490;661;2024-10-22;5;752.65;9
6;42725;377;2024-01-12;1;1363.34;6
7;10823;621;2024-09-12;2;459.69;12
8;49499;230;2023-08-18;1;1235.7;10
9;4145;257;2023-09-14;7;742.7;6
10;36959;341;2023-12-07;5;131.55;13
11;43107;439;2024-03-14;5;7532.52;7
12;38696;333;2023-11-29;3;2210.95;11
13;6189;345;2023-12-11;3;1407.0;13
14;1415;582;2024-08-04;3;55.91;2
15;18472;611;2024-09-02;2;76.19;7
16;29283;428;2024-03-03;4;1185.67;11
17;15178;471;2024-04-15;1;2824.63;8
18;34305;591;2024-08-13;5;174.18;4
19;12610;413;2024-02-17;2;167.12;4
20;12145;69;2023-03-10;2;456.57;14
21;6114;550;2024-07-03;3;5850.2;10
22;15909;326;2023-11-22;4;9842.94;7
23;822;51;2023-02-20;7;117.84;10
24;15119;490;2024-05-04;4;519.63;7
25;13467;464;2024-04-08;4;3104.66;10
26;26498;326;2023-11-22;7;819.6;10
27;42112;713;2024-12-13;5;1488.47;14
28;30189;707;2024-12-07;6;245.04;8
29;37238;286;2023-10-13;4;1576.97;14
30;33110;439;2024-03-14;4;9322.1;10
31;36481;224;2023-08-12;3;52.47;7
32;24149;715;2024-12-15;5;349.18;4
33;5504;682;2024-11-12;2;710.51;11
34;3919;396;2024-01-31;4;264.5;2
35;38479;696;2024-11-26;1;783.12;2
36;21124;504;2024-05-18;6;111.82;2
37;49718;95;2023-04-05;3;836.06;10
38;42295;91;2023-04-01;7;836.06;13
39;47610;42;2023-02-11;4;450.64;1
40;11077;429;2024-03-04;5;419.84;6
41;41515;365;2023-12-31;2;4958.95;14
42;22063;32;2023-02-01;3;777.33;13
43;9414;88;2023-03-29;2;520.99;6
44;38341;519;2024-06-02;3;181.51;14
45;30264;337;2023-12-03;4;891.25;11
46;41253;321;2023-11-17;2;167.66;2
47;14645;332;2023-11-28;7;402.86;1
48;26336;696;2024-11-26;1;1621.02;4
49;28103;322;2023-11-18;5;2510.61;1
50;17524;129;2023-05-09;4;365.73;13
51;24713;69;2023-03-10;1;4591.92;5
52;40486;383;2024-01-18;6;1044.09;6
53;3851;478;2024-04-22;3;619.68;12
54;40041;29;2023-01-29;3;149.35;5
55;15268;599;2024-08-21;7;12847.73;11
56;49147;336;2023-12-02;3;110.84;3
57;30002;245;2023-09-02;6;11911.93;5
58;45927;184;2023-07-03;3;1780.99;12
59;43825;483;2024-04-27;7;1064.52;3
60;17241;258;2023-09-15;3;225.18;1
61;4893;327;2023-11-23;7;1345.97;3
62;726;607;2024-08-29;1;74.68;5
63;22950;465;2024-04-09;5;1204.24;2
64;34658;535;2024-06-18;7;844.5;5
65;37214;685;2024-11-15;3;142.66;3
66;20305;330;2023-11-26;4;34057.22;6
67;15270;76;2023-03-17;1;726.96;11
68;22368;271;2023-09-28;3;2315.74;13
69;42685;589;2024-08-11;4;490.78;1
70;46735;348;2023-12-14;3;271.51;2
71;11733;290;2023-10-17;6;172.86;6
72;18620;450;2024-03-25;5;1983.44;14
73;48493;601;2024-08-23;5;594.07;10
74;26804;624;2024-09-15;4;298.42;4
75;44306;526;2024-06-09;7;9524.3;7
76;47523;700;2024-11-30;3;1604.48;4
77;32208;394;2024-01-29;1;782.48;3
78;2531;276;2023-10-03;4;111.82;9
79;17747;118;2023-04-28;4;187.77;13
80;8271;233;2023-08-21;5;2557.87;14
81;15080;42;2023-02-11;7;679.76;3
82;13625;456;2024-03-31;6;1507.37;8
83;30639;637;2024-09-28;6;6045.2;3
84;30441;188;2023-07-07;7;359.35;13
85;36057;629;2024-09-20;4;933.17;13
86;42652;256;2023-09-13;2;834.72;8
87;36804;279;2023-10-06;4;114.36;2
88;48225;688;2024-11-18;1;213.41;13
89;29227;641;2024-10-02;1;2888.75;8
90;5634;332;2023-11-28;2;104.55;1
91;5988;715;2024-12-15;3;957.07;14
92;48064;106;2023-04-16;3;1018.57;2
93;1813;104;2023-04-14;3;38922.54;8
94;27579;338;2023-12-04;3;4095.14;4
95;16824;91;2023-04-01;4;1196.95;8
96;3929;306;2023-11-02;4;140.12;8
97;37287;623;2024-09-14;6;14692.49;7
98;25046;275;2023-10-02;2;2471.4;2
99;15728;74;2023-03-15;4;213.0;12
100;29601;334;2023-11-30;6;644.52;14
101;10431;414;2024-02-18;4;5175.2;5
102;25769;451;2024-03-26;5;1439.51;13
103;29104;71;2023-03-12;4;805.43;5
104;36538;298;2023-10-25;6;1680.58;2
105;39329;317;2023-11-13;5;247.77;8
106;35540;184;2023-07-03;5;98.51;2
107;28076;151;2023-05-31;1;3158.5;10
108;17841;470;2024-04-14;3;238.73;11
109;27803;322;2023-11-18;7;1604.48;7
110;7683;374;2024-01-09;4;910.19;9
111;24280;53;2023-02-22;4;288.11;3
112;33071;243;2023-08-31;1;490.78;14
113;35558;660;2024-10-21;4;698.35;13
114;37190;668;2024-10-29;4;332.83;13
115;47150;597;2024-08-19;1;461.81;12
116;46916;337;2023-12-03;5;1907.31;11
117;9802;688;2024-11-18;3;12110.2;11
118;38801;91;2023-04-01;4;58.66;5
119;24670;441;2024-03-16;4;326.43;14
120;44234;448;2024-03-23;4;1150.91;8
121;31920;725;2024-12-25;4;1255.42;9
122;7135;117;2023-04-27;2;739.49;9
123;33705;385;2024-01-20;6;681.67;8
124;29661;692;2024-11-22;5;21600.62;14
125;17894;193;2023-07-12;6;237.52;4
126;22019;446;2024-03-21;3;884.83;3
127;13539;377;2024-01-12;2;422.25;2
128;43119;644;2024-10-05;1;38864.74;5
129;36421;598;2024-08-20;7;1058.79;13
130;9406;555;2024-07-08;2;893.08;3
131;13414;123;2023-05-03;6;1051.65;6
132;6721;311;2023-11-07;1;176.98;9
133;15602;82;2023-03-23;4;1018.04;12
134;44744;345;2023-12-11;2;669.95;11
135;31139;143;2023-05-23;7;5512.25;13
136;2730;655;2024-10-16;5;390.29;10
137;38243;90;2023-03-31;7;2824.63;13
138;29626;220;2023-08-08;3;229.7;7
139;47895;580;2024-08-02;3;1444.37;9
140;42091;125;2023-05-05;2;340.82;7
141;36400;333;2023-11-29;5;26980.23;7
142;6245;186;2023-07-05;1;450.64;5
143;5546;442;2024-03-17;7;635.97;2
144;4065;588;2024-08-10;2;1193.08;12
145;12852;310;2023-11-06;3;649.23;1
146;21803;551;2024-07-04;6;3181.51;5
147;41164;479;2024-04-23;4;149.79;14
148;6233;379;2024-01-14;4;893.08;7
149;3863;309;2023-11-05;3;1041.06;4
150;35095;389;2024-01-24;2;76.19;9
151;40196;712;2024-12-12;7;458.04;9
152;39251;702;2024-12-02;1;202.58;13
153;6218;328;2023-11-24;4;2125.45;2
154;36776;120;2023-04-30;6;451.04;9
155;42977;391;2024-01-26;2;5176.43;2
156;48468;708;2024-12-08;3;250.0;9
157;14832;597;2024-08-19;4;1193.08;12
158;30093;85;2023-03-26;7;206.58;6
159;8894;333;2023-11-29;3;576.22;9
160;6021;496;2024-05-10;1;263.32;2
161;46089;708;2024-12-08;3;234.18;11
162;15243;122;2023-05-02;2;5872.9;9
163;45308;586;2024-08-08;3;7338.34;1
164;26551;27;2023-01-27;5;21092.0;12
165;6035;589;2024-08-11;6;2869.95;6
166;7906;578;2024-07-31;1;454.35;4
167;32226;334;2023-11-30;5;4825.47;10
168;6018;41;2023-02-10;1;370.98;1
169;21880;373;2024-01-08;3;1180.98;13
170;2792;619;2024-09-10;1;350.05;3
171;42606;606;2024-08-28;3;169.55;2
172;5824;60;2023-03-01;4;163.18;11
173;15388;662;2024-10-23;7;3572.33;5
174;29562;592;2024-08-14;5;398.84;11
175;39476;684;2024-11-14;6;2080.08;8
176;293;693;2024-11-23;6;6667.01;13
177;16958;466;2024-04-10;5;1018.57;13
178;30861;34;2023-02-03;4;2756.12;4
179;14074;658;2024-10-19;1;235.52;12
180;21857;598;2024-08-20;4;1231.01;1
181;22080;324;2023-11-20;7;501.06;1
182;17024;76;2023-03-17;5;230.21;4
183;8740;167;2023-06-16;2;930.19;11
184;15826;623;2024-09-14;1;4983.59;9
185;2742;386;2024-01-21;4;3002.24;6
186;18049;78;2023-03-19;4;8025.23;13
187;49937;727;2024-12-27;6;930.92;7
188;17373;42;2023-02-11;1;1121.82;8
189;22022;56;2023-02-25;2;162.84;7
190;46365;65;2023-03-06;6;13911.6;6
191;23538;560;2024-07-13;2;681.67;6
192;45500;60;2023-03-01;5;272.27;13
193;40186;325;2023-11-21;4;475.14;6
194;9614;27;2023-01-27;5;1318.72;12
195;43282;124;2023-05-04;6;112.31;8
196;37892;145;2023-05-25;3;564.94;2
197;26179;198;2023-07-17;1;955.36;6
198;45893;368;2024-01-03;6;3138.55;9
199;20934;144;2023-05-24;3;263.32;7
200;40972;92;2023-04-02;2;150.35;7
201;22225;652;2024-10-13;3;649.54;6
202;24382;729;2024-12-29;6;2030.04;10
203;34856;701;2024-12-01;7;576.22;12
204;48578;696;2024-11-26;6;143.44;2
205;38537;388;2024-01-23;3;167.72;1
206;31756;392;2024-01-27;1;1940.41;5
207;7754;535;2024-06-18;4;526.63;7
208;46639;340;2023-12-06;2;335.17;3
209;43835;667;2024-10-28;7;1680.58;9
210;26236;588;2024-08-10;3;8108.86;13
211;44230;714;2024-12-14;5;566.48;12
212;49597;297;2023-10-24;1;2888.75;10
213;18553;492;2024-05-06;7;269.45;2
214;43137;462;2024-04-06;7;981.8;6
215;36673;208;2023-07-27;6;5176.43;9
216;43650;515;2024-05-29;1;328.76;7
217;3941;232;2023-08-20;6;2416.55;7
218;31497;94;2023-04-04;4;25948.36;13
219;26594;106;2023-04-16;1;746.53;14
220;23922;254;2023-09-11;4;797.68;8
221;26403;151;2023-05-31;5;5512.25;2
222;45943;466;2024-04-10;4;635.97;1
223;48526;249;2023-09-06;3;463.73;13
224;18316;56;2023-02-25;1;116.99;5
225;36894;693;2024-11-23;7;2214.48;1
226;26696;149;2023-05-29;7;3099.67;9
227;42128;306;2023-11-02;7;1474.01;3
228;14171;195;2023-07-14;3;469.97;9
229;3733;375;2024-01-10;3;371.81;7
230;7882;230;2023-08-18;5;119.76;2
231;6017;351;2023-12-17;2;3823.1;7
232;23030;616;2024-09-07;3;2695.01;4
233;35474;136;2023-05-16;3;298.7;9
234;49686;698;2024-11-28;7;1944.11;5
235;4818;532;2024-06-15;2;8085.02;13
236;41694;440;2024-03-15;6;991.72;10
237;12008;29;2023-01-29;4;3126.78;3
238;41328;547;2024-06-30;6;1070.02;7
239;9507;366;2024-01-01;3;2462.03;7
240;44799;318;2023-11-14;3;878.79;5
241;34063;690;2024-11-20;2;973.8;3
242;27475;615;2024-09-06;6;111.82;8
243;31144;697;2024-11-27;1;4078.42;1
244;21236;332;2023-11-28;6;717.93;6
245;1391;363;2023-12-29;5;986.05;4
246;38250;109;2023-04-19;7;1977.12;10
247;37625;275;2023-10-02;7;566.48;9
248;42029;134;2023-05-14;1;1780.99;5
249;20835;26;2023-01-26;7;822.34;8
250;14758;421;2024-02-25;7;459.41;2
251;26397;288;2023-10-15;1;2015.54;2
252;6809;105;2023-04-15;6;3181.11;4
253;9226;584;2024-08-06;4;2243.64;2
254;48395;330;2023-11-26;6;320.63;10
255;5396;598;2024-08-20;5;780.77;13
256;6944;315;2023-11-11;1;202.58;5
257;23871;686;2024-11-16;6;801.54;11
258;32493;613;2024-09-04;1;945.45;4
259;36346;563;2024-07-16;1;1286.98;9
260;10756;385;2024-01-20;5;683.42;9
261;12302;451;2024-03-26;1;1692.79;14
262;48387;18;2023-01-18;1;4762.15;10
263;42746;505;2024-05-19;6;1351.91;6
264;29090;367;2024-01-02;7;2140.03;4
265;44713;356;2023-12-22;6;1029.69;6
266;14344;105;2023-04-15;6;206.58;4
267;38173;475;2024-04-19;4;145.15;4
268;5072;94;2023-04-04;5;100.35;8
269;24122;58;2023-02-27;2;8108.86;4
270;48810;220;2023-08-08;5;408.53;2
271;17821;157;2023-06-06;3;5826.31;2
272;1123;320;2023-11-16;7;1127.73;6
273;11265;223;2023-08-11;4;229.02;11
274;30580;558;2024-07-11;7;3022.6;6
275;45465;209;2023-07-28;7;167.12;11
276;48217;359;2023-12-25;6;2795.81;5
277;43045;696;2024-11-26;2;636.09;5
278;15657;419;2024-02-23;2;203.54;7
279;1901;45;2023-02-14;4;98.5;14
280;148;223;2023-08-11;3;3670.56;13
281;29643;154;2023-06-03;1;2888.75;2
282;3212;476;2024-04-20;1;325.66;12
283;43851;426;2024-03-01;6;169.55;2
284;2355;396;2024-01-31;5;229.02;12
285;31521;118;2023-04-28;1;3967.16;5
286;42584;524;2024-06-07;7;247.7;14
287;43338;189;2023-07-08;6;17300.28;11
288;45285;650;2024-10-11;2;111.82;2
289;46957;570;2024-07-23;3;54.71;2
290;48791;630;2024-09-21;2;1006.79;14
291;36586;525;2024-06-08;6;12954.91;2
292;10466;679;2024-11-09;2;587.78;2
293;7822;607;2024-08-29;7;919.38;6
294;7206;482;2024-04-26;7;108.76;8
295;6414;37;2023-02-06;1;1485.77;3
296;34047;103;2023-04-13;3;4803.59;10
297;12729;363;2023-12-29;7;225.18;3
298;6926;692;2024-11-22;1;4825.47;9
299;27996;658;2024-10-19;2;140.12;9
300;37613;294;2023-10-21;5;908.7;1
301;39484;577;2024-07-30;5;4149.77;9
302;3017;10;2023-01-10;3;179.68;9
303;1641;373;2024-01-08;2;323.42;8
304;8884;321;2023-11-17;4;85.23;1
305;37602;77;2023-03-18;6;2059.17;1
306;12970;325;2023-11-21;7;3537.95;12
307;23464;442;2024-03-17;4;230.21;5
308;15758;270;2023-09-27;3;111.82;3
309;44077;674;2024-11-04;4;4421.89;2
310;4087;144;2023-05-24;3;1696.81;7
311;509;725;2024-12-25;4;250.85;4
312;6355;141;2023-05-21;4;670.34;2
313;29645;74;2023-03-15;6;150.35;8
314;20816;186;2023-07-05;4;135.95;7
315;6235;103;2023-04-13;2;4591.92;2
316;31990;686;2024-11-16;4;10800.31;2
317;12996;480;2024-04-24;7;1347.79;3
318;42502;54;2023-02-23;4;6594.41;10
319;38921;91;2023-04-01;2;235.75;4
320;263;129;2023-05-09;5;1118.75;6
321;7892;336;2023-12-02;6;1345.97;3
322;10528;661;2024-10-22;1;718.7;6
323;18601;324;2023-11-20;3;279.21;13
324;24115;99;2023-04-09;5;820.49;3
325;33499;270;2023-09-27;2;14094.73;2
326;13472;640;2024-10-01;3;3123.1;4
327;31726;674;2024-11-04;4;1541.38;14
328;23691;29;2023-01-29;1;539.03;11
329;10558;497;2024-05-11;7;6253.56;2
330;6557;725;2024-12-25;7;617.08;10
331;45578;645;2024-10-06;7;104.94;7
332;41504;459;2024-04-03;1;207.45;12
333;27873;228;2023-08-16;4;2869.95;6
334;10811;252;2023-09-09;4;209.69;10
335;38215;580;2024-08-02;1;167.59;3
336;11731;18;2023-01-18;3;774.92;13
337;27439;630;2024-09-21;3;4742.66;11
338;21780;686;2024-11-16;2;1312.42;7
339;34080;204;2023-07-23;2;704.95;3
340;22916;703;2024-12-03;4;5352.27;9
341;8086;678;2024-11-08;7;4014.26;1
342;43468;218;2023-08-06;3;893.08;9
343;14710;130;2023-05-10;1;258.98;8
344;15467;500;2024-05-14;3;5826.31;5
345;37173;667;2024-10-28;5;1224.11;4
346;28749;214;2023-08-02;2;93.97;8
347;3105;655;2024-10-16;5;1474.01;1
348;709;378;2024-01-13;4;777.43;1
349;38386;178;2023-06-27;4;7341.12;2
350;23445;226;2023-08-14;6;52.47;7
351;26511;320;2023-11-16;6;18464.34;1
352;8467;121;2023-05-01;1;13840.22;13
353;6231;710;2024-12-10;6;2603.26;14
354;46359;689;2024-11-19;4;367.88;1
355;39358;55;2023-02-24;6;349.18;9
356;16387;347;2023-12-13;5;1911.55;11
357;34166;385;2024-01-20;6;70.06;6
358;4169;21;2023-01-21;7;459.69;6
359;5804;390;2024-01-25;1;1235.7;13
360;12754;452;2024-03-27;3;1018.57;7
361;2190;548;2024-07-01;6;1351.91;11
362;12188;321;2023-11-17;3;4017.93;9
363;31728;277;2023-10-04;2;408.04;11
364;19246;492;2024-05-06;5;418.33;14
365;37867;260;2023-09-17;3;553.02;13
366;43515;332;2023-11-28;7;186.38;7
367;8719;545;2024-06-28;4;18984.82;8
368;28825;610;2024-09-01;3;39.96;1
369;24469;362;2023-12-28;2;304.87;6
370;48253;69;2023-03-10;5;1031.96;8
371;7202;527;2024-06-10;6;529.0;14
372;9283;505;2024-05-19;4;204.91;13
373;26821;443;2024-03-18;1;543.81;13
374;27374;323;2023-11-19;4;213.34;1
375;22493;90;2023-03-31;3;1412.31;11
376;45638;503;2024-05-17;7;1391.14;6
377;45880;218;2023-08-06;3;1514.65;5
378;29340;346;2023-12-12;1;1162.84;14
379;46548;713;2024-12-13;3;997.96;2
380;10804;491;2024-05-05;3;325.61;1
381;20965;277;2023-10-04;3;1302.26;4
382;30033;439;2024-03-14;7;1293.76;9
383;5223;409;2024-02-13;7;5175.2;11
384;660;67;2023-03-08;1;117.84;13
385;33246;624;2024-09-15;5;1397.9;14
386;5866;228;2023-08-16;1;777.43;2
387;48872;66;2023-03-07;6;1529.24;6
388;22986;43;2023-02-12;5;840.29;10
389;28881;596;2024-08-18;5;144.7;9
390;47088;447;2024-03-22;2;33387.84;12
391;26528;475;2024-04-19;3;278.69;10
392;9648;571;2024-07-24;2;225.32;8
393;49546;464;2024-04-08;1;530.75;2
394;32375;305;2023-11-01;2;12954.91;9
395;26159;173;2023-06-22;4;2292.12;3
396;11712;611;2024-09-02;6;910.2;14
397;27239;573;2024-07-26;7;1347.5;6
398;18354;119;2023-04-29;4;360.51;11
399;49515;535;2024-06-18;1;927.47;7
400;21725;335;2023-12-01;1;16076.51;12
401;25925;98;2023-04-08;3;330.88;3
402;41390;498;2024-05-12;7;6253.56;3
403;4773;691;2024-11-21;4;750.0;6
404;35205;153;2023-06-02;6;326.35;11
405;27879;178;2023-06-27;5;1003.84;13
406;5875;309;2023-11-05;5;140.39;10
407;17805;481;2024-04-25;6;2059.17;1
408;34224;426;2024-03-01;5;111.82;9
409;7842;341;2023-12-07;2;131.87;11
410;15923;119;2023-04-29;7;126.67;13
411;28367;689;2024-11-19;5;5809.68;3
412;12084;479;2024-04-23;2;5205.55;8
413;20034;276;2023-10-03;5;6691.21;3
414;14488;459;2024-04-03;6;12974.18;12
415;20819;315;2023-11-11;5;1093.08;1
416;37518;289;2023-10-16;7;1268.79;6
417;44236;406;2024-02-10;2;704.89;2
418;48651;520;2024-06-03;4;665.33;10
419;36236;692;2024-11-22;6;1038.74;14
420;21070;338;2023-12-04;4;123.88;4
421;9524;478;2024-04-22;7;458.46;1
423;12054;176;2023-06-25;6;258.23;1
424;23594;455;2024-03-30;6;336.23;2
425;8038;226;2023-08-14;3;454.35;13
426;46977;371;2024-01-06;3;994.1;1
427;16400;631;2024-09-22;2;2315.74;1
428;45786;203;2023-07-22;5;14061.34;5
429;34616;170;2023-06-19;1;1646.35;12
430;7625;94;2023-04-04;1;112.1;8
431;13662;725;2024-12-25;2;1669.44;8
432;37737;56;2023-02-25;3;79.17;14
433;26542;302;2023-10-29;4;5041.73;9
434;13268;584;2024-08-06;7;339.88;8
435;18083;309;2023-11-05;7;1113.53;2
436;48086;109;2023-04-19;3;267.39;14
437;42768;686;2024-11-16;5;1084.89;1
438;4071;221;2023-08-09;4;1347.5;5
439;16287;716;2024-12-16;1;586.27;13
440;1119;555;2024-07-08;2;119.66;2
441;10075;375;2024-01-10;6;839.69;10
442;11374;235;2023-08-23;6;630.98;4
443;32685;284;2023-10-11;7;5115.74;1
445;25350;685;2024-11-15;1;78.27;10
446;6716;543;2024-06-26;7;13188.82;5
447;34568;453;2024-03-28;7;1272.6;6
448;1031;647;2024-10-08;5;3109.7;4
449;22754;450;2024-03-25;6;3939.24;8
450;11762;686;2024-11-16;1;1047.33;6
451;35897;560;2024-07-13;4;195.14;5
452;14493;461;2024-04-05;6;1357.45;14
453;25086;333;2023-11-29;2;1127.73;7
454;20396;394;2024-01-29;3;503.89;13
455;4814;414;2024-02-18;5;167.12;14
456;8995;42;2023-02-11;5;955.78;10
457;49692;670;2024-10-31;4;468.48;12
458;21375;119;2023-04-29;7;260.49;12
459;30243;76;2023-03-17;2;1991.94;5
460;47579;694;2024-11-24;6;9388.15;9
461;1165;19;2023-01-19;7;348.03;5
462;24811;568;2024-07-21;2;229.7;5
463;21110;701;2024-12-01;5;432.73;13
464;3698;277;2023-10-04;6;14676.68;7
465;11439;614;2024-09-05;4;174.59;7
466;4470;628;2024-09-19;1;827.44;7
467;9808;479;2024-04-23;1;968.75;9
468;47768;235;2023-08-23;4;1909.27;11
469;6749;383;2024-01-18;5;1388.65;6
470;49185;565;2024-07-18;3;3801.85;13
471;17379;635;2024-09-26;6;1289.95;7
472;36885;582;2024-08-04;3;704.95;6
473;13357;338;2023-12-04;6;200.08;11
474;32405;38;2023-02-07;6;196.99;9
475;42455;466;2024-04-10;5;1958.53;2
476;46066;411;2024-02-15;4;6955.8;12
477;11539;509;2024-05-23;3;475.04;7
478;2009;519;2024-06-02;6;2971.54;11
479;3222;193;2023-07-12;7;3253.47;9
480;44997;70;2023-03-11;2;527.26;14
481;18763;237;2023-08-25;1;129.11;11
482;14166;327;2023-11-23;5;200.58;10
483;40684;137;2023-05-17;2;3356.24;5
484;25081;132;2023-05-12;6;332.83;5
485;1823;548;2024-07-01;5;3082.75;2
486;44662;324;2023-11-20;7;859.08;10
487;6849;632;2024-09-23;3;412.24;7
488;12636;647;2024-10-08;5;337.02;5
489;37669;66;2023-03-07;6;2221.41;6
490;6096;540;2024-06-23;4;6506.94;6
491;39249;52;2023-02-21;2;88.49;6
492;10578;465;2024-04-09;7;2587.53;4
493;31075;498;2024-05-12;4;553.02;5
494;29113;372;2024-01-07;1;143.38;8
495;10193;88;2023-03-29;5;238.73;5
496;315;524;2024-06-07;5;930.19;13
497;11450;127;2023-05-07;6;1742.75;12
498;30746;438;2024-03-13;3;675.6;4
499;29703;678;2024-11-08;6;1626.66;5
500;27659;691;2024-11-21;4;163.79;6
501;23686;629;2024-09-20;7;553.02;6
502;28376;644;2024-10-05;2;1696.81;6
503;3086;109;2023-04-19;2;203.19;11
504;49372;524;2024-06-07;4;919.38;7
505;3752;606;2024-08-28;4;86.45;9
506;5049;54;2023-02-23;2;62.71;5
507;29187;640;2024-10-01;2;3781.8;8
508;30709;440;2024-03-15;7;1897.07;2
509;20147;481;2024-04-25;2;114.7;7
510;32250;456;2024-03-31;5;812.02;10
511;4970;457;2024-04-01;3;187.39;13
512;30526;368;2024-01-03;4;162.84;11
513;18495;640;2024-10-01;7;13188.82;2
514;38065;231;2023-08-19;7;465.1;3
515;41837;255;2023-09-12;4;172.91;8
516;32753;97;2023-04-07;6;2221.84;12
517;20074;258;2023-09-15;5;773.59;1
518;26274;523;2024-06-06;7;2471.4;11
519;13650;687;2024-11-17;1;4095.14;5
520;25534;718;2024-12-18;1;1180.98;10
521;17522;18;2023-01-18;4;2361.96;14
522;25481;26;2023-01-26;3;2114.66;13
523;48235;605;2024-08-27;7;62.71;8
524;48788;686;2024-11-16;2;8338.35;2
525;32390;219;2023-08-07;3;1731.62;8
526;5087;667;2024-10-28;6;553.02;12
527;17253;156;2023-06-05;3;1474.01;3
528;4040;620;2024-09-11;2;398.87;9
529;18387;475;2024-04-19;4;2577.66;4
530;4247;568;2024-07-21;5;111.17;4
531;18628;109;2023-04-19;1;117.31;6
532;880;32;2023-02-01;7;117.84;1
533;23299;356;2023-12-22;6;13911.6;1
534;29753;127;2023-05-07;7;2573.96;4
535;30173;367;2024-01-02;1;2770.88;5
536;28560;605;2024-08-27;1;195.14;12
537;18864;293;2023-10-20;7;1531.88;8
538;43344;236;2023-08-24;1;817.07;1
539;34211;94;2023-04-04;6;16560.63;13
540;26084;188;2023-07-07;6;10547.12;5
541;1942;207;2023-07-26;7;376.33;12
542;22226;336;2023-12-02;7;10800.31;11
543;44692;592;2024-08-14;5;774.92;11
544;43240;627;2024-09-18;4;2573.96;8
545;23860;380;2024-01-15;1;459.69;7
546;14159;333;2023-11-29;5;1488.47;1
547;33876;686;2024-11-16;4;416.05;10
548;48105;176;2023-06-25;4;2126.39;13
549;23450;208;2023-07-27;4;3345.61;6
550;6624;608;2024-08-30;3;7047.37;5
551;38265;411;2024-02-15;1;7338.34;9
552;26242;336;2023-12-02;2;861.03;7
553;47592;180;2023-06-29;2;2271.54;10
554;24156;367;2024-01-02;2;1180.98;10
555;32059;336;2023-12-02;4;1007.04;12
556;9332;136;2023-05-16;1;1484.3;3
557;43565;119;2023-04-29;3;493.66;13
558;3494;68;2023-03-09;4;245.39;10
559;4879;167;2023-06-16;6;280.78;6
560;47063;731;2024-12-31;3;149.35;2
561;999;127;2023-05-07;4;8282.29;8
562;37087;92;2023-04-02;5;602.12;14
563;36438;247;2023-09-04;7;1786.16;5
564;34750;633;2024-09-24;2;986.05;6
565;28617;484;2024-04-28;7;2261.06;3
566;37096;397;2024-02-01;1;85.43;9
567;22811;249;2023-09-06;7;1946.08;2
568;7143;591;2024-08-13;3;299.9;13
569;21559;431;2024-03-06;4;225.32;14
570;9936;694;2024-11-24;6;542.22;9
571;4789;36;2023-02-05;7;79.17;6
572;30511;404;2024-02-08;1;149.21;7
573;31190;453;2024-03-28;7;227.72;2
574;20084;703;2024-12-03;7;4377.49;13
575;10824;334;2023-11-30;5;233.97;5
576;673;552;2024-07-05;2;73.32;9
577;15595;584;2024-08-06;1;613.63;1
578;43049;193;2023-07-12;4;117.12;6
579;21912;435;2024-03-10;1;191.45;7
580;11869;694;2024-11-24;2;698.57;8
581;34691;43;2023-02-12;3;2695.01;2
582;11322;620;2024-09-11;2;140.39;1
583;44212;449;2024-03-24;4;732.86;5
584;24615;334;2023-11-30;1;1235.77;6
585;12006;148;2023-05-28;1;5739.9;3
586;3940;698;2024-11-28;3;7272.8;1
587;4614;50;2023-02-19;7;1318.72;3
588;36760;414;2024-02-18;7;765.94;2
589;31459;672;2024-11-02;2;180.76;1
590;44953;558;2024-07-11;4;774.92;8
591;4348;246;2023-09-03;2;170.86;1
592;39328;28;2023-01-28;2;4457.3;6
593;49923;518;2024-06-01;3;1684.74;9
594;22394;515;2024-05-29;7;957.07;9
595;3157;294;2023-10-21;2;26027.76;11
596;29918;390;2024-01-25;2;193.4;12
597;37224;424;2024-02-28;3;780.77;7
598;13479;256;2023-09-13;3;2887.69;8
599;13872;548;2024-07-01;3;3138.55;2
601;25330;443;2024-03-18;7;1889.57;7
602;44685;408;2024-02-12;3;615.02;14
603;986;266;2023-09-23;7;1549.84;7
604;37140;96;2023-04-06;1;229.4;6
605;35034;292;2023-10-19;6;844.5;8
606;23731;383;2024-01-18;1;764.95;1
607;7531;645;2024-10-06;6;2557.87;7
608;44395;665;2024-10-26;6;27406.4;6
609;32949;154;2023-06-03;1;13188.82;5
610;30878;681;2024-11-11;4;1908.68;4
611;29931;458;2024-04-02;1;2545.21;2
612;23416;271;2023-09-28;4;14692.49;13
613;6060;587;2024-08-09;7;2315.74;6
614;23680;230;2023-08-18;3;3823.05;12
615;15941;270;2023-09-27;6;350.05;12
616;6949;36;2023-02-05;1;176.98;1
617;30096;435;2024-03-10;5;1806.36;8
618;41340;693;2024-11-23;1;424.56;9
619;49599;338;2023-12-04;1;1890.9;1
620;33184;479;2024-04-23;2;366.43;11
621;16581;560;2024-07-13;2;380.23;2
622;1389;488;2024-05-02;2;228.66;3
623;21351;223;2023-08-11;3;11911.93;13
624;49751;229;2023-08-17;7;2869.95;9
625;34432;466;2024-04-10;4;14353.24;11
626;24455;242;2023-08-30;6;193.4;2
627;40360;224;2023-08-12;3;225.32;14
628;18578;211;2023-07-30;7;165.86;14
629;33452;624;2024-09-15;3;3880.82;2
630;47853;92;2023-04-02;1;100.34;6
631;5;678;2024-11-08;6;104.94;13
632;29183;592;2024-08-14;3;777.43;11
633;8231;263;2023-09-20;7;235.68;13
634;5947;129;2023-05-09;4;2857.86;13
635;7823;612;2024-09-03;2;454.35;3
636;19487;499;2024-05-13;7;7603.69;3
637;15385;83;2023-03-24;5;3731.04;1
638;41100;76;2023-03-17;5;475.26;5
639;18184;180;2023-06-29;6;289.4;9
640;27162;307;2023-11-03;3;1295.86;1
641;11646;226;2023-08-14;1;67.97;11
642;24391;630;2024-09-21;4;339.1;7
643;4851;74;2023-03-15;3;12343.21;1
644;47436;684;2024-11-14;2;863.91;2
645;42207;687;2024-11-17;5;911.58;11
646;45341;345;2023-12-11;5;259.31;3
647;28170;155;2023-06-04;3;13728.9;7
648;3420;202;2023-07-21;3;129.65;14
649;42591;228;2023-08-16;4;331.22;4
650;38735;474;2024-04-18;7;283.16;6
651;36720;679;2024-11-09;4;2672.98;4
652;29498;611;2024-09-02;5;70.06;8
653;4363;539;2024-06-22;3;933.17;1
654;4029;439;2024-03-14;4;159.07;8
655;3427;344;2023-12-10;2;742.7;8
656;20269;156;2023-06-05;6;1145.05;3
657;20058;400;2024-02-04;6;162.8;13
658;11479;325;2023-11-21;7;232.2;13
659;47945;609;2024-08-31;2;774.92;12
660;29393;81;2023-03-22;3;150.71;11
661;29047;647;2024-10-08;7;5512.25;4
662;8565;332;2023-11-28;4;909.35;13
663;39507;10;2023-01-10;1;6746.83;4
664;49805;28;2023-01-28;3;572.53;14
665;25450;683;2024-11-13;2;12049.61;1
666;34922;179;2023-06-28;4;11911.93;3
668;13520;88;2023-03-29;2;735.5;5
669;34008;602;2024-08-24;5;117.12;1
670;21316;33;2023-02-02;1;370.98;2
671;42425;453;2024-03-28;4;285.72;6
672;48901;316;2023-11-12;7;2650.13;1
673;47633;411;2024-02-15;3;772.79;7
674;49789;563;2024-07-16;1;6477.46;14
675;44232;83;2023-03-24;6;1261.57;7
676;10724;51;2023-02-20;2;199.43;2
677;13155;68;2023-03-09;1;630.98;12
678;13763;700;2024-11-30;1;826.64;14
679;42812;277;2023-10-04;2;788.48;14
680;30804;195;2023-07-14;2;5176.43;13
681;36261;686;2024-11-16;7;177.79;4
682;21437;122;2023-05-02;6;1272.6;5
683;25971;619;2024-09-10;1;704.89;14
684;32204;391;2024-01-26;2;67.97;3
685;7181;611;2024-09-02;6;116.99;7
686;41281;636;2024-09-27;1;5465.71;8
687;28087;441;2024-03-16;4;229.23;5
688;13702;582;2024-08-04;4;98.51;5
689;1004;464;2024-04-08;7;5691.2;13
690;9059;242;2023-08-30;4;5273.56;1
691;44235;96;2023-04-06;2;753.69;1
692;25675;687;2024-11-17;3;1274.28;6
693;45056;261;2023-09-18;4;235.68;7
694;35144;540;2024-06-23;3;6045.2;9
695;38163;416;2024-02-20;5;907.0;10
696;22477;189;2023-07-08;7;3801.85;1
697;23007;517;2024-05-31;1;1409.77;1
698;45344;493;2024-05-07;7;231.52;9
699;36128;156;2023-06-05;1;4216.18;8
700;49710;537;2024-06-20;7;146.64;7
701;13099;607;2024-08-29;7;1529.9;1
702;37196;294;2023-10-21;6;359.35;13
703;4108;698;2024-11-28;6;3242.03;10
704;41336;333;2023-11-29;3;537.01;10
705;25223;507;2024-05-21;2;316.68;5
706;35840;116;2023-04-26;3;12021.19;4
707;29719;122;2023-05-02;4;594.16;8
708;46953;655;2024-10-16;7;34600.56;12
709;29828;323;2023-11-19;4;702.55;12
710;17543;454;2024-03-29;1;229.23;9
711;24916;494;2024-05-08;2;206.58;9
712;4514;482;2024-04-26;2;4614.77;9
713;19937;529;2024-06-12;5;2504.04;10
714;46525;374;2024-01-09;3;462.18;3
715;24511;494;2024-05-08;5;2948.02;5
716;27442;458;2024-04-02;2;286.32;5
717;12002;689;2024-11-19;7;800.87;8
718;23354;690;2024-11-20;3;1670.31;14
719;27293;316;2023-11-12;3;143.44;2
720;34204;646;2024-10-07;7;1438.63;9
721;12148;586;2024-08-08;5;391.24;3
722;15292;310;2023-11-06;4;1224.11;8
723;46880;362;2023-12-28;2;819.18;2
724;8691;165;2023-06-14;3;4747.38;2
725;12654;696;2024-11-26;1;363.03;1
726;31470;217;2023-08-05;2;225.18;7
727;2955;167;2023-06-16;3;3158.5;2
728;3004;320;2023-11-16;3;107.01;13
729;15814;351;2023-12-17;5;2971.54;3
730;6657;419;2024-02-23;5;70.06;12
731;12774;532;2024-06-15;4;17941.55;1
732;39531;165;2023-06-14;6;119.76;11
733;34408;587;2024-08-09;6;422.25;4
734;8837;82;2023-03-23;3;1499.9;13
735;14618;592;2024-08-14;4;117.84;11
736;22836;329;2023-11-25;2;244.42;10
737;15981;681;2024-11-11;5;152.87;14
738;37916;297;2023-10-24;6;298.42;14
739;1571;544;2024-06-27;6;1617.2;2
740;35908;143;2023-05-23;5;908.7;3
741;26090;602;2024-08-24;3;649.54;9
742;20914;570;2024-07-23;5;13493.65;12
743;9958;312;2023-11-08;7;20700.79;13
744;18276;500;2024-05-14;6;997.96;5
746;23494;689;2024-11-19;7;1337.51;9
747;15790;102;2023-04-12;3;8025.23;4
748;35780;574;2024-07-27;6;52.47;4
749;11981;567;2024-07-20;4;297.18;8
750;44906;529;2024-06-12;1;997.96;14
751;35763;552;2024-07-05;7;844.5;5
752;27093;569;2024-07-22;7;7513.24;9
753;46835;483;2024-04-27;1;1243.88;7
754;33438;16;2023-01-16;5;1054.51;5
755;47381;206;2023-07-25;4;8609.85;5
756;1591;152;2023-06-01;2;2614.79;12
757;26756;41;2023-02-10;4;1661.2;10
758;21759;362;2023-12-28;7;1549.2;3
759;3002;86;2023-03-27;7;58.66;1
760;44112;87;2023-03-28;1;1064.52;1
761;43520;112;2023-04-22;4;167.29;3
762;629;43;2023-02-12;3;13728.9;4
763;20737;205;2023-07-24;1;462.18;7
764;11903;483;2024-04-27;6;1337.63;12
765;6367;246;2023-09-03;2;7603.69;1
766;17133;630;2024-09-21;2;2877.26;6
767;9479;624;2024-09-15;5;9524.3;10
768;41871;53;2023-02-22;4;1278.94;2
769;12933;110;2023-04-20;7;230.21;9
770;13642;303;2023-10-30;7;322.11;14
771;19627;529;2024-06-12;1;741.96;8
772;9952;577;2024-07-30;7;1224.08;8
773;28963;13;2023-01-13;3;613.63;9
774;28446;170;2023-06-19;5;4252.78;7
775;19699;253;2023-09-10;5;13728.9;4
776;44224;50;2023-02-19;2;1235.7;14
777;2997;255;2023-09-12;5;823.47;12
778;13638;91;2023-04-01;7;4183.66;1
779;22471;194;2023-07-13;5;770.69;4
780;36087;413;2024-02-17;1;299.36;9
781;28918;404;2024-02-08;2;704.89;7
782;17650;488;2024-05-02;6;532.26;13
783;27956;528;2024-06-11;7;490.78;4
784;2855;234;2023-08-22;4;79.17;10
785;13390;533;2024-06-16;1;2782.27;5
786;13049;504;2024-05-18;3;1672.03;2
787;22333;112;2023-04-22;4;167.29;7
788;30578;9;2023-01-09;5;590.45;2
789;34735;636;2024-09-27;2;9917.9;10
790;19539;107;2023-04-17;4;529.95;3
791;39587;557;2024-07-10;1;175.03;6
792;5573;24;2023-01-24;1;388.96;7
793;47751;211;2023-07-30;1;1146.06;3
794;30964;651;2024-10-12;1;2039.29;2
795;35496;533;2024-06-16;4;293.28;5
796;20263;52;2023-02-21;4;299.9;10
797;44660;462;2024-04-06;6;2770.59;8
798;21746;105;2023-04-15;6;625.99;11
799;47249;136;2023-05-16;1;1388.65;12
800;36228;587;2024-08-09;6;2637.43;9
801;28787;497;2024-05-11;7;22498.14;14
802;35620;454;2024-03-29;7;2310.15;7
803;46000;695;2024-11-25;5;1269.79;13
804;49513;591;2024-08-13;4;1318.72;12
805;44515;474;2024-04-18;1;1041.81;11
806;28684;408;2024-02-12;6;1318.72;13
807;31549;234;2023-08-22;2;162.8;5
808;31965;24;2023-01-24;4;1518.18;13
809;9434;261;2023-09-18;2;303.4;13
810;22374;279;2023-10-06;5;606.79;6
811;21623;7;2023-01-07;3;478.54;2
812;12452;685;2024-11-15;2;1088.26;11
813;11800;656;2024-10-17;4;930.19;7
814;31389;373;2024-01-08;3;613.63;7
815;20769;54;2023-02-23;6;62.71;5
816;4829;467;2024-04-11;3;367.53;8
817;14590;502;2024-05-16;4;26377.63;6
818;1508;574;2024-07-27;2;748.09;5
819;18613;74;2023-03-15;2;12180.62;7
821;38310;570;2024-07-23;3;1113.33;13
822;1739;397;2024-02-01;6;973.04;12
823;35876;48;2023-02-17;3;209.69;1
824;47068;633;2024-09-24;3;38864.74;1
825;5115;634;2024-09-25;2;1003.84;14
826;24907;397;2024-02-01;5;90.72;12
827;7636;700;2024-11-30;2;208.89;14
828;14399;700;2024-11-30;1;201.43;8
829;36171;431;2024-03-06;1;944.73;1
830;9184;327;2023-11-23;4;156.54;13
831;36797;233;2023-08-21;2;2869.95;12
832;37623;206;2023-07-25;6;162.8;8
833;1656;724;2024-12-24;6;332.83;9
834;4327;685;2024-11-15;1;4037.92;6
835;27378;670;2024-10-31;2;1006.79;12
836;19045;457;2024-04-01;6;180.14;13
837;44329;466;2024-04-10;4;1357.45;1
838;9662;243;2023-08-31;3;149.21;5
839;15915;367;2024-01-02;2;4554.54;1
840;25467;395;2024-01-30;4;572.53;4
841;13611;319;2023-11-15;7;1179.32;14
842;11671;338;2023-12-04;5;298.54;1
843;1220;145;2023-05-25;7;1684.74;10
844;38864;384;2024-01-19;7;777.43;10
845;12558;376;2024-01-11;3;1005.0;6
846;39144;650;2024-10-11;7;229.63;5
847;35509;222;2023-08-10;6;512.81;7
848;11853;188;2023-07-07;1;301.65;14
849;13239;317;2023-11-13;6;490.07;2
850;29951;564;2024-07-17;4;704.89;8
851;27985;12;2023-01-12;1;408.53;4
852;22091;235;2023-08-23;4;416.21;4
853;48990;668;2024-10-29;7;690.44;5
854;40640;696;2024-11-26;3;902.97;2
855;28912;407;2024-02-11;2;7714.51;3
856;8571;237;2023-08-25;7;1569.28;11
857;38432;525;2024-06-08;7;1438.63;2
858;40526;204;2023-07-23;4;1514.65;2
859;35550;471;2024-04-15;6;14353.24;8
860;29488;542;2024-06-25;3;5553.53;8
861;26038;315;2023-11-11;4;203.8;13
862;19371;255;2023-09-12;1;1135.77;8
863;44735;35;2023-02-04;6;7714.51;14
864;6916;58;2023-02-27;5;1244.96;1
865;14999;229;2023-08-17;2;59.88;12
866;16751;260;2023-09-17;3;1230.05;1
868;28857;681;2024-11-11;6;17213.72;13
869;38912;334;2023-11-30;7;87.8;10
870;5844;434;2024-03-09;5;1451.19;4
871;15770;500;2024-05-14;1;1029.69;3
872;27099;236;2023-08-24;4;1661.2;2
873;34727;109;2023-04-19;4;49.59;2
874;20931;143;2023-05-23;5;2226.66;1
875;12314;369;2024-01-04;4;1861.85;9
876;8294;601;2024-08-23;4;507.51;5
878;22320;572;2024-07-25;7;743.62;6
879;20487;69;2023-03-10;6;5175.2;10
880;22611;468;2024-04-12;5;1451.19;8
881;12466;227;2023-08-15;5;3922.18;12
882;41513;230;2023-08-18;2;990.41;3
883;48610;598;2024-08-20;3;149.21;14
884;17673;46;2023-02-15;1;416.75;3
885;8566;686;2024-11-16;7;3726.21;5
886;42906;344;2023-12-10;3;95.16;10
887;33295;698;2024-11-28;7;576.22;1
888;12929;469;2024-04-13;5;1781.33;11
889;8384;327;2023-11-23;7;251.55;13
890;26547;338;2023-12-04;1;504.62;2
891;21161;250;2023-09-07;6;125.44;4
893;417;331;2023-11-27;5;537.01;11
894;38314;626;2024-09-17;5;1646.35;4
895;40759;280;2023-10-07;1;345.82;4
896;1407;26;2023-01-26;4;1444.37;11
897;27989;405;2024-02-09;5;90.76;11
898;20658;729;2024-12-29;5;1160.96;13
899;46982;524;2024-06-07;3;514.49;8
900;29902;243;2023-08-31;2;151.7;1
901;32870;98;2023-04-08;7;10729.32;1
902;21614;113;2023-04-23;1;8819.6;10
903;18693;321;2023-11-17;6;10273.68;2
904;14463;591;2024-08-13;7;770.69;7
905;13530;521;2024-06-04;2;678.77;7
906;29805;685;2024-11-15;2;9738.12;1
907;1445;372;2024-01-07;5;2097.58;9
908;18219;335;2023-12-01;3;465.96;14
909;45064;460;2024-04-04;6;157.62;2
910;30647;296;2023-10-23;6;4942.8;11
911;49168;317;2023-11-13;3;180.76;12
912;39990;394;2024-01-29;2;167.27;8
913;44756;669;2024-10-30;5;840.58;4
914;48346;264;2023-09-21;5;181.44;3
915;42970;643;2024-10-04;6;774.6;14
916;20420;520;2024-06-03;7;2126.39;12
917;10897;217;2023-08-05;1;1003.84;3
918;45621;720;2024-12-20;6;782.48;4
919;36350;362;2023-12-28;2;2292.12;1
920;19313;673;2024-11-03;4;316.68;3
921;5583;443;2024-03-18;6;375.97;4
922;6683;44;2023-02-13;5;357.14;8
923;30680;441;2024-03-16;4;2311.0;9
924;28389;721;2024-12-21;3;5165.91;5
925;6848;206;2023-07-25;3;394.06;14
926;15982;320;2023-11-16;3;21316.09;7
927;33676;292;2023-10-19;2;1680.58;3
928;47504;439;2024-03-14;5;2186.28;7
929;7566;462;2024-04-06;5;35224.04;3
930;20729;48;2023-02-17;4;1409.77;11
931;7412;321;2023-11-17;6;439.4;12
932;25355;338;2023-12-04;6;1007.77;2
933;47739;301;2023-10-28;7;1054.51;6
934;9759;376;2024-01-11;1;910.2;9
935;9768;525;2024-06-08;5;10352.87;1
936;7134;479;2024-04-23;5;1140.11;6
937;28594;295;2023-10-22;4;5115.74;7
938;41210;95;2023-04-05;6;18248.86;7
939;23112;590;2024-08-12;7;234.98;9
940;44347;368;2024-01-03;6;837.17;9
941;22810;480;2024-04-24;2;671.02;5
942;20508;72;2023-03-13;6;2310.15;9
943;45706;65;2023-03-06;5;2377.23;2
944;21762;731;2024-12-31;4;14061.34;5
945;21496;632;2024-09-23;7;6691.21;11
946;11505;633;2024-09-24;5;525.54;3
947;32457;110;2023-04-20;4;1428.93;14
948;44210;170;2023-06-19;2;12817.78;6
949;43813;264;2023-09-21;7;357.9;1
950;18265;586;2024-08-08;6;772.79;1
951;41115;548;2024-07-01;5;332.83;6
952;20035;202;2023-07-21;5;2226.66;4
953;10076;603;2024-08-25;7;1569.28;5
954;37297;236;2023-08-24;7;127.57;9
956;35781;460;2024-04-04;2;58.66;11
957;16871;245;2023-09-02;6;391.24;9
958;4230;312;2023-11-08;5;641.26;5
959;49030;339;2023-12-05;3;3563.31;7
960;168;690;2024-11-20;1;5352.27;13
961;14447;182;2023-07-01;1;13911.6;1
962;36717;714;2024-12-14;2;98.27;14
963;36165;12;2023-01-12;6;149.68;9
964;14474;521;2024-06-04;3;140.12;5
965;44427;455;2024-03-30;6;1344.46;4
966;46117;92;2023-04-02;5;671.75;9
967;30626;462;2024-04-06;7;1187.14;14
968;9961;600;2024-08-22;4;2777.3;6
969;38723;286;2023-10-13;1;348.36;7
970;28345;627;2024-09-18;3;1409.77;8
971;16438;337;2023-12-03;6;519.89;14
972;8854;154;2023-06-03;3;741.96;1
973;17364;149;2023-05-29;6;26823.29;7
974;4581;236;2023-08-24;4;178.57;11
975;47304;446;2024-03-21;7;13840.22;5
976;44680;632;2024-09-23;7;2557.87;6
977;15193;548;2024-07-01;7;662.44;3
978;31448;602;2024-08-24;6;774.92;6
979;5526;457;2024-04-01;4;87.54;10
980;39228;96;2023-04-06;6;1167.17;2
981;3468;217;2023-08-05;2;390.29;2
982;15074;114;2023-04-24;2;460.42;14
983;48706;32;2023-02-01;5;1569.28;1
984;13610;620;2024-09-11;6;1394.85;7
985;18786;64;2023-03-05;6;413.6;14
986;39758;336;2023-12-02;1;636.09;3
987;24217;339;2023-12-05;6;2120.5;10
988;33986;627;2024-09-18;5;318.98;8
989;11626;464;2024-04-08;7;1233.1;5
990;12137;690;2024-11-20;4;2014.08;4
991;12629;58;2023-02-27;6;7030.67;14
992;28348;659;2024-10-20;5;5512.25;11
993;43512;611;2024-09-02;4;398.84;6
994;5873;541;2024-06-24;5;1882.88;1
995;48244;171;2023-06-20;3;2674.38;11
996;33982;482;2024-04-26;3;522.16;11
997;31261;394;2024-01-29;1;559.37;9
998;12293;124;2023-05-04;4;2748.12;7
999;42287;282;2023-10-09;3;15429.01;6
1000;13665;187;2023-07-06;7;1576.97;9
1001;12951;508;2024-05-22;5;169.55;14
1002;31757;318;2023-11-14;6;465.96;2
1003;14514;450;2024-03-25;2;4303.9;4
1004;20458;225;2023-08-13;7;1185.67;7
1005;41547;39;2023-02-08;7;312.48;14
1006;851;48;2023-02-17;6;71.69;3
1007;34768;512;2024-05-26;1;239.32;2
1008;24913;331;2023-11-27;4;78.27;8
1009;17970;93;2023-04-03;2;330.88;12
1010;28377;549;2024-07-02;7;79.92;2
1011;9890;111;2023-04-21;3;13775.76;3
1012;46456;261;2023-09-18;4;149.35;2
1013;38500;493;2024-05-07;5;243.53;2
1014;16248;617;2024-09-08;6;239.32;7
1015;8787;182;2023-07-01;2;61.99;5
1016;35430;372;2024-01-07;3;1347.5;2
1017;19104;263;2023-09-20;1;942.37;10
1018;44143;79;2023-03-20;1;206.58;10
1019;14787;561;2024-07-14;4;371.08;2
1020;18217;721;2024-12-21;7;17213.72;5
1021;29737;535;2024-06-18;3;490.78;4
1022;18195;588;2024-08-10;5;99.42;10
1023;42356;575;2024-07-28;6;890.5;11
1024;20186;681;2024-11-11;7;294.2;6
1025;38611;37;2023-02-06;4;210.14;1
1026;22656;244;2023-09-01;5;8650.14;6
1027;31786;147;2023-05-27;2;187.24;1
1028;36667;302;2023-10-29;3;28189.46;7
1029;44905;536;2024-06-19;4;4631.47;3
1030;6080;330;2023-11-26;7;9738.12;14
1031;15556;383;2024-01-18;7;90.76;14
1032;48062;487;2024-05-01;7;2401.8;12
1033;24408;377;2024-01-12;3;8650.14;3
1034;44889;123;2023-05-03;6;4959.48;11
1035;6425;122;2023-05-02;1;227.72;11
1036;46203;311;2023-11-07;2;255.14;9
1037;42285;118;2023-04-28;7;11741.35;10
1038;45699;531;2024-06-14;1;152.39;3
1039;41461;90;2023-03-31;2;1483.95;13
1040;28418;467;2024-04-11;6;1351.2;6
1041;18151;157;2023-06-06;2;476.1;8
1042;30624;329;2023-11-25;2;367.88;5
1043;3151;25;2023-01-25;3;836.02;5
1044;18185;85;2023-03-26;4;315.19;10
1045;26731;414;2024-02-18;2;882.7;7
1046;12515;701;2024-12-01;3;1604.48;1
1047;36056;519;2024-06-02;4;2243.64;11
1048;40833;631;2024-09-22;5;172.91;4
1049;34374;642;2024-10-03;1;1882.88;11
1050;45453;601;2024-08-23;7;98.51;8
1051;34308;437;2024-03-12;2;121.91;7
1052;46162;501;2024-05-15;1;285.83;5
1053;37976;563;2024-07-16;6;416.21;3
1054;21233;694;2024-11-24;2;9109.72;13
1055;20327;604;2024-08-26;1;1940.41;6
1056;27005;691;2024-11-21;7;43.39;13
1057;45594;708;2024-12-08;3;1039.01;8
1058;25848;236;2023-08-24;4;6955.8;7
1059;7440;125;2023-05-05;4;163.93;5
1060;37341;559;2024-07-12;7;27823.2;14
1061;10027;437;2024-03-12;7;630.79;6
1062;20966;515;2024-05-29;4;158.34;9
1063;7285;387;2024-01-22;5;1366.43;11
1064;30275;100;2023-04-10;5;12021.19;2
1065;49968;671;2024-11-01;3;1180.91;9
1066;31159;485;2024-04-29;6;442.42;2
1067;15618;248;2023-09-05;1;919.38;8
1068;9619;167;2023-06-16;7;11911.93;11
1069;28873;307;2023-11-03;3;586.27;3
1070;37268;526;2024-06-09;5;1661.2;3
1071;18811;546;2024-06-29;2;895.25;14
1072;32954;676;2024-11-06;4;9068.44;4
1073;29894;581;2024-08-03;5;7612.89;12
1074;32505;191;2023-07-10;1;1003.84;12
1075;27732;61;2023-03-02;2;79.75;9
1076;31314;340;2023-12-06;7;239.32;3
1077;31845;576;2024-07-29;4;1731.62;4
1078;4274;691;2024-11-21;4;986.84;1
1079;47404;401;2024-02-05;4;493.03;7
1081;2323;684;2024-11-14;2;542.22;12
1082;14973;567;2024-07-20;2;76.43;3
1083;16452;97;2023-04-07;7;215.56;1
1084;14546;390;2024-01-25;2;507.51;9
1085;19314;576;2024-07-29;4;326.35;7
1086;23671;73;2023-03-14;1;1112.91;5
1087;37050;646;2024-10-07;6;649.54;11
1088;45913;107;2023-04-17;7;210.65;5
1089;26320;143;2023-05-23;6;606.52;9
1090;33922;496;2024-05-10;5;4183.66;13
1091;6323;541;2024-06-24;7;814.15;1
1092;466;679;2024-11-09;3;1231.17;4
1093;3254;330;2023-11-26;1;83.83;9
1094;10987;582;2024-08-04;3;2869.95;2
1095;14751;319;2023-11-15;7;526.86;1
1096;14785;235;2023-08-23;5;8108.86;13
1098;43127;442;2024-03-17;3;496.95;8
1099;12725;209;2023-07-28;3;79.75;6
1100;33808;209;2023-07-28;4;907.0;14
1101;7299;715;2024-12-15;7;1314.56;4
1102;25389;149;2023-05-29;4;1559.41;3
1103;19686;660;2024-10-21;6;10352.87;13
1104;34489;195;2023-07-14;7;1113.33;2
1105;37828;158;2023-06-07;1;15026.48;14
1106;3594;453;2024-03-28;4;619.68;5
1107;12401;197;2023-07-16;6;98.5;11
1108;29940;56;2023-02-25;2;613.63;4
1109;24855;139;2023-05-19;1;459.41;9
1110;21776;43;2023-02-12;1;6955.8;14
1111;38919;702;2024-12-02;2;163.97;5
1112;7526;262;2023-09-19;6;9475.49;1
1113;8902;548;2024-07-01;5;114.36;5
1114;24779;715;2024-12-15;4;335.17;13
1115;40304;621;2024-09-12;2;774.6;4
1116;39666;40;2023-02-09;1;1388.38;8
1117;31513;119;2023-04-29;4;188.42;9
1118;26723;198;2023-07-17;7;757.14;8
1119;11905;99;2023-04-09;1;10794.92;12
1120;32150;682;2024-11-12;5;551.94;11
1121;48832;82;2023-03-23;1;4587.72;10
1122;21258;665;2024-10-26;2;176.98;11
1123;43773;133;2023-05-13;4;1980.82;6
1124;42847;424;2024-02-28;6;416.21;10
1125;32749;81;2023-03-22;2;280.04;14
1126;34536;276;2023-10-03;5;17213.72;1
1127;31921;349;2023-12-15;1;5016.1;6
1128;34537;700;2024-11-30;3;4017.93;7
1129;9074;186;2023-07-05;1;1946.08;9
1130;2339;259;2023-09-16;7;2614.79;2
1131;17027;336;2023-12-02;2;1113.53;2
1132;20215;425;2024-02-29;7;1318.72;11
1133;10993;147;2023-05-27;1;269.45;8
1134;16340;57;2023-02-26;6;117.84;10
1135;49127;357;2023-12-23;6;2614.79;7
1136;42628;391;2024-01-26;7;817.07;6
1137;43377;585;2024-08-07;4;126.16;6
1138;7271;520;2024-06-03;1;617.08;1
1139;26458;698;2024-11-28;2;86.79;1
1140;16282;92;2023-04-02;7;149.79;4
1141;8727;284;2023-10-11;6;3906.79;9
1142;24193;489;2024-05-03;6;1991.94;6
1143;29728;159;2023-06-08;1;6408.89;2
1144;1567;606;2024-08-28;1;683.42;8
1145;43977;685;2024-11-15;4;1039.01;9
1146;11754;271;2023-09-28;5;696.06;7
1147;37023;107;2023-04-17;4;1958.53;12
1148;34921;199;2023-07-18;2;1051.08;12
1149;13366;347;2023-12-13;1;1003.84;3
1150;37399;19;2023-01-19;2;1813.99;9
1151;36169;558;2024-07-11;5;11911.93;13
1152;12426;72;2023-03-13;1;651.63;7
1153;645;317;2023-11-13;6;5322.58;12
1154;1040;18;2023-01-18;5;428.74;3
1155;28077;551;2024-07-04;2;1313.06;10
1156;11215;64;2023-03-05;5;1531.32;2
1157;333;79;2023-03-20;3;408.23;14
1158;6484;321;2023-11-17;6;576.22;7
1159;45639;324;2023-11-20;3;487.24;3
1160;32733;711;2024-12-11;5;366.04;11
1161;8179;701;2024-12-01;5;2021.38;3
1162;16759;701;2024-12-01;5;890.79;4
1163;47722;417;2024-02-21;5;805.52;8
1164;33288;236;2023-08-24;5;295.49;6
1165;45683;490;2024-05-04;2;4603.62;5
1166;47934;283;2023-10-10;6;1003.84;8
1167;35573;56;2023-02-25;2;234.98;10
1168;28810;481;2024-04-25;5;12418.64;5
1169;20362;615;2024-09-06;6;2732.86;11
1170;4450;310;2023-11-06;7;594.07;6
1171;47535;628;2024-09-19;2;566.48;7
1172;18204;36;2023-02-05;1;377.94;4
1173;18727;619;2024-09-10;6;507.51;11
1174;28132;421;2024-02-25;3;729.48;7
1175;12916;615;2024-09-06;1;836.02;9
1176;46304;340;2023-12-06;3;2126.39;4
1177;39062;593;2024-08-15;5;6423.86;6
1178;15510;409;2024-02-13;1;890.5;13
1179;16422;551;2024-07-04;4;349.18;5
1180;2575;385;2024-01-20;7;890.5;4
1181;38351;695;2024-11-25;7;127.06;10
1182;34003;617;2024-09-08;5;313.85;11
1183;10601;254;2023-09-11;1;1980.82;8
1184;6937;120;2023-04-30;7;49.59;13
1185;34097;351;2023-12-17;3;3906.79;7
1186;38823;172;2023-06-21;6;170.27;7
1187;30889;407;2024-02-11;2;4149.77;12
1188;1499;131;2023-05-11;1;260.54;12
1189;29446;151;2023-05-31;4;1227.25;13
1190;29518;176;2023-06-25;2;624.96;14
1191;32132;21;2023-01-21;6;893.08;8
1192;31915;479;2024-04-23;5;4670.58;6
1193;20538;537;2024-06-20;3;913.14;1
1194;31680;347;2023-12-13;3;233.99;7
1195;28407;13;2023-01-13;3;153.46;7
1196;49271;72;2023-03-13;3;2526.8;1
1197;47069;84;2023-03-25;6;326.43;10
1198;28692;694;2024-11-24;1;1072.32;2
1199;48330;431;2024-03-06;4;135.76;12
1200;41821;532;2024-06-15;7;3976.39;3
1201;13535;234;2023-08-22;5;210.14;12
1202;35459;273;2023-09-30;5;5465.71;3
1203;4860;334;2023-11-30;7;867.75;3
1204;30932;126;2023-05-06;7;1991.94;6
1205;14075;381;2024-01-16;3;777.43;13
1206;39012;603;2024-08-25;6;17213.72;7
1207;15445;72;2023-03-13;7;466.58;14
1208;42645;341;2023-12-07;6;1846.2;12
1209;42825;126;2023-05-06;3;685.99;14
1210;485;66;2023-03-07;4;5127.11;1
1211;40140;470;2024-04-14;4;1512.72;12
1212;35249;487;2024-05-01;7;89.45;5
1213;47553;517;2024-05-31;4;289.4;4
1214;35752;49;2023-02-18;5;896.65;3
1215;31135;100;2023-04-10;3;309.44;12
1216;19233;316;2023-11-12;3;140.12;14
1217;14476;344;2023-12-10;1;576.22;11
1218;29801;676;2024-11-06;5;217.42;3
1219;31802;142;2023-05-22;2;413.6;9
1220;24676;676;2024-11-06;4;73.46;5
1221;5237;81;2023-03-22;6;3076.51;8
1222;28202;420;2024-02-24;5;142.91;2
1223;8043;305;2023-11-01;3;2371.33;2
1224;3768;458;2024-04-02;5;24361.25;8
1225;31210;705;2024-12-05;1;643.17;14
1226;22330;167;2023-06-16;1;306.91;6
1227;37278;237;2023-08-25;1;167.12;10
1228;29833;620;2024-09-11;3;2888.75;8
1229;7525;659;2024-10-20;5;10352.87;12
1230;6808;530;2024-06-13;1;1118.75;2
1231;11099;718;2024-12-18;4;13411.64;4
1232;4730;263;2023-09-20;5;46710.76;5
1233;6770;671;2024-11-01;3;1387.24;2
1234;23258;316;2023-11-12;4;4095.14;2
1235;9554;673;2024-11-03;1;293.57;1
1236;11911;392;2024-01-27;6;3707.1;9
1237;25134;426;2024-03-01;1;371.81;7
1238;19367;302;2023-10-29;6;332.83;8
1239;16003;309;2023-11-05;4;6607.01;13
1240;1645;341;2023-12-07;3;849.12;12
1241;45781;273;2023-09-30;5;859.61;2
1242;20135;401;2024-02-05;5;3438.18;3
1243;28822;433;2024-03-08;2;60.88;12
1244;27637;593;2024-08-15;6;5955.97;8
1245;40658;397;2024-02-01;7;14676.68;14
1246;3280;335;2023-12-01;4;5371.53;14
1247;43954;172;2023-06-21;3;3109.7;12
1248;39538;619;2024-09-10;3;416.75;14
1249;44981;268;2023-09-25;5;11911.93;5
1250;22666;407;2024-02-11;7;199.43;7
1251;8249;329;2023-11-25;6;1269.79;6
1252;16167;415;2024-02-19;5;5194.85;9
1253;31709;388;2024-01-23;7;74.68;1
1254;37418;379;2024-01-14;6;466.58;4
1256;38706;126;2023-05-06;1;1073.7;5
1257;40565;158;2023-06-07;4;209.11;6
1258;26085;639;2024-09-30;5;924.36;9
1259;17005;587;2024-08-09;6;8650.14;14
1260;42437;104;2023-04-14;3;7619.44;1
1261;6706;337;2023-12-03;2;176.62;8
1262;10173;442;2024-03-17;4;1328.96;3
1263;22086;308;2023-11-04;3;5809.68;3
1264;48744;662;2024-10-23;2;832.43;5
1265;5153;699;2024-11-29;3;569.91;12
1266;13060;615;2024-09-06;1;286.54;1
1267;17722;117;2023-04-27;3;3280.44;13
1268;42214;422;2024-02-26;2;203.54;11
1269;24802;716;2024-12-16;6;7563.6;4
1270;20156;71;2023-03-12;5;340.82;5
1271;5147;348;2023-12-14;4;617.08;6
1272;32730;684;2024-11-14;4;164.87;10
1273;49253;730;2024-12-30;5;777.92;4
1274;49477;173;2023-06-22;6;1388.65;5
1275;39443;144;2023-05-24;1;782.48;10
1276;43121;560;2024-07-13;3;4790.85;13
1277;18577;712;2024-12-12;1;142.66;12
1278;41585;518;2024-06-01;7;933.17;1
1279;35109;703;2024-12-03;3;110.84;8
1280;36718;330;2023-11-26;6;4554.86;7
1281;20617;253;2023-09-10;3;2819.54;1
1282;17769;23;2023-01-23;6;308.54;7
1283;16398;637;2024-09-28;1;2323.8;14
1284;1233;216;2023-08-04;4;2720.99;9
1285;40280;59;2023-02-28;1;370.98;9
1286;11070;72;2023-03-13;5;3054.84;1
1287;32394;84;2023-03-25;3;2377.23;7
1288;9431;684;2024-11-14;4;155.64;5
1289;17864;634;2024-09-25;6;2243.64;10
1290;34418;452;2024-03-27;1;2046.3;10
1291;44845;185;2023-07-04;1;170.86;8
1292;27617;111;2023-04-21;1;602.12;10
1293;13035;689;2024-11-19;4;6304.71;3
1294;1604;22;2023-01-22;1;5176.43;12
1295;25037;131;2023-05-11;2;11275.79;14
1296;43369;52;2023-02-21;7;143.88;6
1297;8538;698;2024-11-28;3;582.7;6
1298;28602;555;2024-07-08;7;1388.65;11
1299;30645;405;2024-02-09;5;651.13;1
1300;37322;651;2024-10-12;3;2315.74;10
1301;17285;163;2023-06-12;3;20063.06;12
1302;8376;196;2023-07-15;5;96.04;12
1303;32583;295;2023-10-22;7;2226.66;9
1304;49233;135;2023-05-15;1;5768.0;13
1305;15351;132;2023-05-12;6;2776.76;2
1306;42886;370;2024-01-05;1;1590.89;14
1307;33627;259;2023-09-16;1;303.4;9
1308;1537;146;2023-05-26;2;1230.05;14
1309;42912;100;2023-04-10;2;1852.59;12
1310;21191;329;2023-11-25;2;997.59;5
1311;1182;456;2024-03-31;7;1424.79;11
1312;6584;95;2023-04-05;5;1236.46;7
1313;11500;288;2023-10-15;6;1388.65;13
1314;30781;582;2024-08-04;1;165.86;3
1315;10127;245;2023-09-02;2;5175.2;7
1316;13023;577;2024-07-30;4;848.41;7
1317;34213;618;2024-09-09;5;76.19;13
1318;48908;152;2023-06-01;6;38864.74;6
1319;21229;603;2024-08-25;6;890.5;1
1320;4456;152;2023-06-01;5;1661.2;13
1321;8441;78;2023-03-19;4;99.19;4
1322;5713;67;2023-03-08;4;1793.29;12
1323;27663;372;2024-01-07;3;527.26;2
1324;19825;650;2024-10-11;5;3036.36;2
1325;31176;474;2024-04-18;5;127.59;11
1326;11710;637;2024-09-28;6;2062.91;6
1327;15720;214;2023-08-02;4;119.66;2
1328;20476;564;2024-07-17;4;293.14;5
1329;18425;397;2024-02-01;5;1909.27;5
1330;9550;344;2023-12-10;7;239.32;5
1331;43966;375;2024-01-10;6;1684.74;11
1332;31207;188;2023-07-07;4;465.46;2
1333;12968;710;2024-12-10;2;106.67;13
1334;41471;543;2024-06-26;7;203.8;5
1335;46711;71;2023-03-12;3;1009.57;4
1336;9294;176;2023-06-25;1;1780.99;7
1337;38336;589;2024-08-11;4;282.58;5
1338;18615;686;2024-11-16;2;62.13;1
1339;38275;232;2023-08-20;3;456.57;6
1340;4520;292;2023-10-19;7;197.03;12
1341;22110;690;2024-11-20;3;167.66;2
1342;42243;263;2023-09-20;7;1946.08;3
1343;18223;557;2024-07-10;4;4958.95;10
1344;45396;149;2023-05-29;7;13703.2;5
1345;4885;662;2024-10-23;6;1590.89;7
1346;4507;332;2023-11-28;7;800.87;14
1347;42664;461;2024-04-05;4;2358.41;2
1348;25812;597;2024-08-19;4;1940.41;6
1349;11125;433;2024-03-08;2;152.44;14
1350;665;616;2024-09-07;5;811.14;6
1351;19131;112;2023-04-22;4;783.24;8
1352;40411;583;2024-08-05;7;1286.98;13
1353;18300;429;2024-03-04;6;245.39;14
1354;6685;295;2023-10-22;1;1006.79;13
1355;502;495;2024-05-09;2;4680.16;11
1356;28099;626;2024-09-17;3;566.48;13
1357;44872;585;2024-08-07;2;127.25;6
1358;32651;153;2023-06-02;5;866.34;12
1359;41289;346;2023-12-12;4;807.29;1
1360;33571;389;2024-01-24;6;5273.56;2
1361;31893;315;2023-11-11;7;396.54;3
1362;49651;700;2024-11-30;6;1088.26;13
1363;48952;618;2024-09-09;7;149.68;9
1364;18088;127;2023-05-07;4;2526.8;10
1365;11179;621;2024-09-12;6;419.39;8
1366;19603;93;2023-04-03;5;7934.32;5
1367;13252;575;2024-07-28;4;14692.49;12
1368;16417;695;2024-11-25;4;1913.0;14
1369;23207;234;2023-08-22;6;955.36;10
1370;39881;113;2023-04-23;7;1584.65;14
1371;39376;263;2023-09-20;7;7646.1;8
1372;11437;703;2024-12-03;3;1453.78;4
1373;45270;681;2024-11-11;1;110.84;1
1374;29464;474;2024-04-18;1;261.08;4
1375;6737;478;2024-04-22;3;671.75;13
1376;20687;204;2023-07-23;6;102.46;9
1377;17050;337;2023-12-03;4;4848.53;12
1379;4845;700;2024-11-30;2;12049.61;14
1380;3273;609;2024-08-31;4;155.3;2
1381;32714;343;2023-12-09;1;3236.89;11
1382;33178;326;2023-11-22;2;2773.14;3
1383;49771;159;2023-06-08;3;690.44;4
1384;31808;48;2023-02-17;7;88.49;3
1385;33270;702;2024-12-02;6;220.37;13
1386;16096;696;2024-11-26;2;163.79;7
1387;8905;104;2023-04-14;5;271.28;5
1388;8407;639;2024-09-30;4;335.17;11
1389;5013;381;2024-01-16;5;4149.77;12
1390;4244;676;2024-11-06;2;1323.63;1
1391;15419;452;2024-03-27;7;1357.45;9
1392;41124;291;2023-10-18;3;7341.12;10
1393;29756;359;2023-12-25;1;1409.77;1
1394;32164;538;2024-06-21;6;1070.02;1
1395;31980;183;2023-07-02;5;152.39;6
1396;36444;380;2024-01-15;4;11405.54;1
1397;16482;456;2024-03-31;5;27459.38;8
1398;1115;88;2023-03-29;4;543.81;3
1399;14876;335;2023-12-01;4;18776.3;11
1400;6267;245;2023-09-02;6;394.06;9
1401;39209;549;2024-07-02;7;2448.17;4
1402;32427;688;2024-11-18;4;217.42;14
1403;11918;199;2023-07-18;6;387.3;7
1404;23181;313;2023-11-09;2;3181.78;13
1405;41354;407;2024-02-11;6;636.28;2
1406;35149;451;2024-03-26;3;1041.81;6
1407;30573;96;2023-04-06;6;1236.46;2
1408;47807;409;2024-02-13;1;74.68;9
1409;45286;379;2024-01-14;5;5323.16;2
1410;42791;683;2024-11-13;1;190.06;1
1411;20997;687;2024-11-17;7;923.62;7
1412;34299;142;2023-05-22;6;1911.55;13
1413;22049;252;2023-09-09;6;2076.83;1
1414;2529;564;2024-07-17;6;134.72;12
1415;30519;700;2024-11-30;2;4078.42;3
1416;29541;309;2023-11-05;3;5826.31;10
1417;27441;550;2024-07-03;7;3002.24;8
1418;43855;210;2023-07-29;2;1510.18;13
1419;26939;423;2024-02-27;6;1193.08;1
1420;2985;384;2024-01-19;3;927.47;14
1421;14774;361;2023-12-27;5;997.96;2
1422;27928;337;2023-12-03;7;1713.72;6
1423;22426;393;2024-01-28;6;961.41;2
1424;26390;663;2024-10-24;2;321.43;11
1425;42169;320;2023-11-16;2;542.22;7
1426;45903;518;2024-06-01;5;7603.69;2
1427;19186;514;2024-05-28;2;599.8;11
1428;18987;166;2023-06-15;7;284.65;10
1429;29621;319;2023-11-15;2;12049.61;13
1430;20561;718;2024-12-18;1;14682.24;6
1431;35150;619;2024-09-10;3;371.08;14
1432;24235;496;2024-05-10;1;284.65;6
1433;15434;275;2023-10-02;1;3210.05;5
1434;2864;685;2024-11-15;4;762.45;13
1435;23220;424;2024-02-28;4;193.84;14
1436;16663;697;2024-11-27;2;606.44;2
1437;15768;326;2023-11-22;5;250.53;12
1438;14479;16;2023-01-16;4;151.7;13
1439;9956;633;2024-09-24;7;837.17;9
1440;31403;652;2024-10-13;7;408.04;10
1441;21050;23;2023-01-23;1;512.81;5
1442;34970;406;2024-02-10;5;5273.56;8
1443;24269;111;2023-04-21;1;494.54;9
1444;23205;495;2024-05-09;7;2109.02;2
1445;3378;384;2024-01-19;3;572.53;12
1446;1600;316;2023-11-12;3;494.6;10
1447;477;408;2024-02-12;7;79.17;6
1448;10799;405;2024-02-09;4;3823.05;5
1449;8640;424;2024-02-28;3;5821.24;5
1450;22143;580;2024-08-02;7;170.86;6
1451;22183;388;2024-01-23;6;96.04;6
1452;9933;79;2023-03-20;2;1239.87;11
1453;21047;212;2023-07-31;7;719.32;6
1454;45443;453;2024-03-28;1;287.48;9
1455;36232;696;2024-11-26;6;3141.1;5
1456;43953;556;2024-07-09;2;303.4;4
1457;38327;28;2023-01-28;3;572.05;8
1458;38593;589;2024-08-11;4;764.95;1
1459;17782;296;2023-10-23;5;5440.68;9
1460;29876;472;2024-04-16;4;479.84;13
1461;31071;82;2023-03-23;5;49.59;11
1462;22257;580;2024-08-02;2;5176.43;9
1463;9460;473;2024-04-17;3;392.62;6
1464;10666;529;2024-06-12;4;285.83;14
1465;8332;570;2024-07-23;2;615.02;10
1466;25866;281;2023-10-08;5;933.17;8
1467;48002;608;2024-08-30;3;203.54;1
1468;17555;682;2024-11-12;6;164.98;9
1469;38887;545;2024-06-28;6;149.35;6
1470;28591;318;2023-11-14;7;275.84;8
1471;15303;374;2024-01-09;4;522.91;10
1472;27981;488;2024-05-02;6;2849.59;11
1473;19594;25;2023-01-25;1;1435.61;9
1474;11840;557;2024-07-10;5;823.47;7
1475;19063;410;2024-02-14;6;459.69;5
1476;26701;409;2024-02-13;7;129.65;5
1477;39869;594;2024-08-16;6;6594.41;7
1478;18827;382;2024-01-17;4;206.8;3
1479;44783;81;2023-03-22;2;753.9;4
1480;13474;474;2024-04-18;2;91.49;7
1481;1812;9;2023-01-09;4;942.11;3
1482;5577;377;2024-01-12;1;6477.46;11
1483;13605;635;2024-09-26;7;2015.54;8
1484;45815;423;2024-02-27;1;188.15;11
1485;19288;446;2024-03-21;7;4661.05;12
1486;45445;118;2023-04-28;6;243.9;10
1487;2214;314;2023-11-10;4;264.56;1
1488;27631;407;2024-02-11;1;334.24;1
1489;43905;391;2024-01-26;4;21092.0;5
1490;30732;618;2024-09-09;4;3823.05;9
1491;21256;649;2024-10-10;3;1314.56;2
1492;22983;398;2024-02-02;3;2386.16;14
1493;16040;607;2024-08-29;5;62.71;9
1494;2673;431;2024-03-06;4;193.84;7
1495;29364;195;2023-07-14;5;94.19;6
1496;2609;316;2023-11-12;3;366.04;8
1497;20497;682;2024-11-12;3;954.34;9
1498;47609;451;2024-03-26;6;1110.92;8
1499;5160;476;2024-04-20;5;1624.03;3
1500;39382;294;2023-10-21;2;823.15;10
1501;35577;396;2024-01-31;7;955.36;5
1502;34235;662;2024-10-23;1;271.51;6
1503;32778;489;2024-05-03;1;100.35;13
1504;11402;369;2024-01-04;1;2281.36;6
1505;10505;15;2023-01-15;4;151.7;9
1506;33527;466;2024-04-10;1;4591.92;4
1507;41590;222;2023-08-10;3;188.97;11
1508;5755;226;2023-08-14;1;830.6;2
1509;44771;450;2024-03-25;3;326.07;4
1510;22012;703;2024-12-03;3;647.05;6
1511;45389;647;2024-10-08;6;263.32;3
1512;20938;425;2024-02-29;4;2292.12;9
1513;21935;709;2024-12-09;5;6942.53;9
1514;8035;459;2024-04-03;2;242.72;11
1515;7127;88;2023-03-29;4;326.43;2
1516;47616;572;2024-07-25;5;142.91;12
1517;47791;463;2024-04-07;7;114.7;12
1518;46123;688;2024-11-18;2;1391.74;8
1519;35847;524;2024-06-07;2;742.15;6
1520;34583;392;2024-01-27;4;166.42;13
1521;13083;102;2023-04-12;6;150.71;9
1522;40647;181;2023-06-30;6;192.07;13
1523;21906;436;2024-03-11;6;240.96;6
1524;25239;379;2024-01-14;1;6955.8;7
1525;35976;445;2024-03-20;5;340.82;4
1526;6497;118;2023-04-28;3;805.43;7
1527;43694;546;2024-06-29;7;5016.1;11
1528;33525;339;2023-12-05;3;239.76;1
1529;20702;602;2024-08-24;3;5826.31;14
1530;13313;692;2024-11-22;5;1269.79;6
1531;10037;225;2023-08-13;4;1347.5;12
1532;14165;235;2023-08-23;4;163.18;2
1533;31155;617;2024-09-08;3;153.24;4
1534;24949;330;2023-11-26;1;285.63;11
1535;35309;86;2023-03-27;7;520.97;7
1536;47764;317;2023-11-13;1;647.05;4
1537;32908;459;2024-04-03;4;300.69;13
1538;45610;612;2024-09-03;6;1793.29;3
1540;19105;550;2024-07-03;5;2557.87;6
1541;32806;136;2023-05-16;1;75.3;9
1542;40517;547;2024-06-30;2;1239.65;11
1543;3883;528;2024-06-11;1;104.94;11
1544;22989;356;2023-12-22;7;12090.41;6
1545;31225;431;2024-03-06;2;465.46;8
1546;3419;44;2023-02-13;5;535.01;10
1547;38930;339;2023-12-05;7;1247.55;14
1548;23542;361;2023-12-27;1;98.49;8
1549;26355;490;2024-05-04;3;229.23;10
1550;19772;570;2024-07-23;2;2756.12;3
1551;10190;464;2024-04-08;5;991.72;3
1552;44563;141;2023-05-21;7;1595.47;5
1553;44561;71;2023-03-12;5;10794.92;7
1554;44945;19;2023-01-19;5;833.5;14
1555;5196;704;2024-12-04;1;380.12;13
1556;37256;601;2024-08-23;7;945.45;4
1557;31611;19;2023-01-19;2;2689.94;3
1558;2192;190;2023-07-09;1;174.59;5
1559;31040;592;2024-08-14;5;1363.05;8
1560;46777;305;2023-11-01;4;163.36;10
1561;7786;627;2024-09-18;5;757.14;1
1562;46173;356;2023-12-22;1;10350.4;3
1563;42979;263;2023-09-20;6;335.17;6
1564;48127;430;2024-03-05;1;174.18;13
1565;3155;253;2023-09-10;4;651.24;8
1566;22796;599;2024-08-21;4;459.69;10
1567;29896;495;2024-05-09;6;12974.18;9
1568;16913;420;2024-02-24;2;36.66;9
1569;41043;420;2024-02-24;7;2888.75;11
1570;42716;474;2024-04-18;4;4219.89;13
1572;12849;398;2024-02-02;4;896.65;9
1574;19747;259;2023-09-16;2;627.34;8
1575;1423;492;2024-05-06;1;245.53;14
1576;26895;212;2023-07-31;6;371.35;6
1577;6066;481;2024-04-25;5;188.42;2
1578;37617;416;2024-02-20;4;36.66;4
1579;37029;553;2024-07-06;7;774.92;2
1580;43198;704;2024-12-04;5;9388.15;5
1581;29229;260;2023-09-17;3;413.6;14
1582;29836;697;2024-11-27;6;164.87;5
1583;22686;468;2024-04-12;4;187.39;9
1584;22342;46;2023-02-15;1;261.46;11
1585;45714;587;2024-08-09;6;7346.24;12
1586;34760;455;2024-03-30;1;1782.49;8
1587;5216;689;2024-11-19;2;475.14;13
1588;48813;588;2024-08-10;1;2866.09;13
1589;44918;214;2023-08-02;7;39.96;3
1590;39365;142;2023-05-22;4;525.54;5
1591;47379;105;2023-04-15;6;479.84;9
1592;2900;425;2024-02-29;6;303.26;9
1593;13308;185;2023-07-04;6;1911.55;8
1594;18862;4;2023-01-04;5;7646.1;1
1595;14161;685;2024-11-15;2;800.87;10
1596;15154;696;2024-11-26;7;1391.12;9
1597;2562;34;2023-02-03;1;994.1;1
1598;7309;394;2024-01-29;5;1501.12;6
1599;19224;636;2024-09-27;7;2288.21;1
1600;39544;544;2024-06-27;5;1813.99;5
1601;33681;330;2023-11-26;1;410.39;6
1602;39098;109;2023-04-19;4;718.47;12
1603;44841;48;2023-02-17;1;149.68;12
1604;44615;266;2023-09-23;7;1813.99;14
1605;27192;180;2023-06-29;6;334.24;2
1606;17477;303;2023-10-30;1;5628.2;14
1607;14804;259;2023-09-16;6;832.43;14
1608;26838;379;2024-01-14;3;6955.8;1
1609;10263;362;2023-12-28;4;181.51;8
1610;44191;22;2023-01-22;2;8970.77;6
1611;43279;623;2024-09-14;6;517.97;12
1612;30949;470;2024-04-14;1;2526.8;8
1613;42990;553;2024-07-06;7;852.05;11
1614;19710;374;2024-01-09;5;167.59;4
1615;28469;545;2024-06-28;3;12847.73;4
1616;544;466;2024-04-10;7;1018.04;7
1617;23823;293;2023-10-20;5;1890.9;6
1618;28067;318;2023-11-14;1;254.12;9
1619;34416;668;2024-10-29;1;626.45;14
1620;39628;686;2024-11-16;6;98.09;11
1621;1164;349;2023-12-15;2;586.27;8
1622;29747;555;2024-07-08;7;590.49;5
1623;2211;640;2024-10-01;7;1236.36;1
1624;23002;54;2023-02-23;4;2010.0;5
1625;32301;220;2023-08-08;3;3823.05;2
1626;46321;381;2024-01-16;5;7030.67;5
1627;28828;706;2024-12-06;1;142.66;7
1628;44405;249;2023-09-06;4;20669.8;3
1629;18199;664;2024-10-25;6;426.02;3
1630;1902;62;2023-03-03;5;3880.82;7
1631;37461;236;2023-08-24;5;104.56;4
1632;17693;131;2023-05-11;3;2401.8;12
1633;28201;665;2024-10-26;7;1007.77;12
1634;24783;453;2024-03-28;4;605.71;1
1635;28969;329;2023-11-25;7;1453.78;7
1636;38889;512;2024-05-26;1;12954.91;3
1637;35969;267;2023-09-24;5;1765.39;1
1638;30876;715;2024-12-15;6;662.44;11
1639;38949;664;2024-10-25;6;1227.25;3
1640;15360;251;2023-09-08;4;1231.01;10
1641;42752;416;2024-02-20;6;1444.37;12
1642;44470;230;2023-08-18;2;74.68;8
1643;19715;688;2024-11-18;3;139.19;12
1644;11608;323;2023-11-19;2;111.64;10
1645;36168;595;2024-08-17;1;3204.44;12
1646;35572;166;2023-06-15;5;345.82;12
1647;30442;648;2024-10-09;6;12847.73;8
1648;39647;604;2024-08-26;7;630.43;8
1649;45247;335;2023-12-01;2;12049.61;10
1650;10435;625;2024-09-16;6;1554.85;4
1651;45592;286;2023-10-13;2;2010.0;8
1652;33541;622;2024-09-13;1;1273.21;12
1653;4163;160;2023-06-09;6;995.15;11
1654;24262;281;2023-10-08;4;42284.2;14
1655;27619;520;2024-06-03;3;17213.72;7
1656;17467;18;2023-01-18;2;299.9;12
1657;2442;203;2023-07-22;4;433.17;12
1658;6212;686;2024-11-16;5;8018.94;13
1659;16369;232;2023-08-20;3;1146.06;11
1660;6897;651;2024-10-12;7;1006.79;9
1661;27591;137;2023-05-17;2;627.71;6
1662;27722;606;2024-08-28;6;1890.9;5
1663;6401;126;2023-05-06;1;20063.06;4
1664;46283;182;2023-07-01;3;1531.88;12
1665;30128;479;2024-04-23;5;10551.05;4
1666;19028;492;2024-05-06;4;1273.21;4
1667;33822;327;2023-11-23;5;874.94;5
1668;32757;635;2024-09-26;3;258.23;5
1669;47478;636;2024-09-27;7;782.48;7
1670;31633;334;2023-11-30;3;437.47;6
1671;18559;412;2024-02-16;1;7047.37;11
1672;16626;677;2024-11-07;6;565.16;9
1673;17532;120;2023-04-30;1;7619.44;5
1674;37648;523;2024-06-06;6;833.5;7
1675;33396;265;2023-09-22;1;4125.82;4
1676;17828;380;2024-01-15;4;6955.8;8
1677;14428;180;2023-06-29;6;325.61;10
1678;1006;678;2024-11-08;6;1180.98;14
1679;5489;449;2024-03-24;7;1223.92;3
1680;45616;157;2023-06-06;2;413.6;1
1681;17407;473;2024-04-17;6;665.94;1
1682;455;58;2023-02-27;7;659.73;5
1683;4245;251;2023-09-08;3;504.62;1
1684;39506;185;2023-07-04;1;407.08;9
1685;43384;424;2024-02-28;2;85.43;6
1686;34293;247;2023-09-04;7;10036.82;10
1687;41414;131;2023-05-11;2;309.44;12
1688;44592;616;2024-09-07;1;514.51;8
1689;31954;523;2024-06-06;1;111.82;3
1690;29981;249;2023-09-06;3;99.42;8
1691;9392;437;2024-03-12;5;143.88;14
1692;22339;626;2024-09-17;6;197.03;11
1693;11709;240;2023-08-28;2;14094.73;4
1694;12967;507;2024-05-21;4;234.71;14
1695;45665;633;2024-09-24;2;2097.58;2
1696;12825;417;2024-02-21;7;8606.86;3
1697;29862;186;2023-07-05;1;1782.22;12
1698;36408;441;2024-03-16;5;278.69;6
1699;19205;128;2023-05-08;3;4236.94;8
1701;35973;131;2023-05-11;3;1239.65;2
1702;46216;387;2024-01-22;6;1299.51;1
1703;26543;261;2023-09-18;4;258.23;6
1704;26717;486;2024-04-30;7;1608.0;10
1705;41854;293;2023-10-20;4;618.18;6
1706;15470;512;2024-05-26;2;172.91;12
1707;27056;332;2023-11-28;1;1255.3;10
1708;11063;308;2023-11-04;7;824.47;11
1709;12111;322;2023-11-18;6;1729.98;4
1710;14519;402;2024-02-06;1;1485.77;6
1711;37533;240;2023-08-28;6;299.9;5
1712;33613;687;2024-11-17;5;1093.08;14
1713;13434;581;2024-08-03;3;104.94;7
1714;3054;177;2023-06-26;3;75.3;13
1715;17453;614;2024-09-05;2;630.98;13
1716;27506;690;2024-11-20;7;1212.88;9
1717;48931;321;2023-11-17;2;587.78;3
1718;20001;520;2024-06-03;5;930.92;11
1719;39080;339;2023-12-05;1;520.53;13
1720;9274;216;2023-08-04;4;1362.37;3
1721;10135;294;2023-10-21;5;212.11;8
1722;2983;59;2023-02-28;7;102.46;2
1723;31600;618;2024-09-09;2;34600.56;8
1724;47438;480;2024-04-24;7;392.62;3
1725;40224;92;2023-04-02;4;840.86;2
1726;5771;350;2023-12-16;1;3718.94;11
1727;34871;265;2023-09-22;4;3036.36;8
1728;29000;395;2024-01-30;6;990.41;8
1729;16321;606;2024-08-28;1;941.44;5
1730;38545;533;2024-06-16;7;566.48;10
1731;14816;351;2023-12-17;2;172.91;8
1732;17963;138;2023-05-18;5;7341.12;4
1733;23648;708;2024-12-08;1;131.07;14
1734;8480;590;2024-08-12;2;39.96;7
1735;22896;323;2023-11-19;1;209.55;5
1736;18854;90;2023-03-31;5;594.16;13
1737;39475;42;2023-02-11;3;6864.45;9
1738;9354;657;2024-10-18;7;839.69;14
1739;25043;71;2023-03-12;2;117.12;14
1740;46016;16;2023-01-16;6;261.46;8
1741;2758;435;2024-03-10;6;207.45;9
1742;12215;27;2023-01-27;5;293.14;2
1743;23492;219;2023-08-07;3;840.29;7
1744;28028;494;2024-05-08;6;36063.56;13
1745;4129;269;2023-09-26;1;271.51;3
1746;30612;698;2024-11-28;3;1713.72;11
1747;7916;375;2024-01-10;3;5176.43;4
1748;27688;260;2023-09-17;7;318.98;11
1749;25573;344;2023-12-10;7;417.78;10
1750;2183;339;2023-12-05;1;232.2;7
1751;29966;568;2024-07-21;5;16217.72;11
1753;4823;697;2024-11-27;2;5138.78;6
1754;2111;322;2023-11-18;7;11352.41;9
1755;20932;332;2023-11-28;2;214.84;9
1756;25271;329;2023-11-25;4;111.64;7
1757;177;276;2023-10-03;7;357.14;11
1758;5684;167;2023-06-16;5;140.39;12
1759;47938;578;2024-07-31;5;3446.77;9
1760;32859;685;2024-11-15;2;9388.15;9
1761;28222;697;2024-11-27;3;5538.61;7
1762;28531;448;2024-03-23;5;1167.17;13
1763;15850;266;2023-09-23;3;678.77;12
1764;23745;302;2023-10-29;1;30094.6;12
1765;43284;595;2024-08-17;3;312.48;3
1766;20614;339;2023-12-05;5;516.46;4
1767;27820;477;2024-04-21;4;227.72;6
1768;38873;224;2023-08-12;1;169.55;4
1769;27588;313;2023-11-09;5;407.08;9
1770;41890;279;2023-10-06;5;2888.75;13
1771;23873;319;2023-11-15;6;1476.32;2
1772;10916;35;2023-02-04;2;210.14;9
1773;22990;703;2024-12-03;5;232.98;12
1774;47402;46;2023-02-15;1;630.98;13
1775;20375;263;2023-09-20;1;594.07;3
1776;24684;403;2024-02-07;7;1307.39;7
1777;8054;381;2024-01-16;2;636.28;8
1778;1742;545;2024-06-28;4;181.51;13
1779;25117;325;2023-11-21;2;9232.17;10
1780;24185;419;2024-02-23;2;823.47;11
1781;13632;102;2023-04-12;2;2770.59;6
1782;4304;553;2024-07-06;7;1549.84;14
1783;21988;337;2023-12-03;6;704.75;7
1784;35720;437;2024-03-12;1;530.75;1
1785;23461;475;2024-04-19;3;242.72;8
1786;10445;699;2024-11-29;4;321.59;4
1787;42407;389;2024-01-24;5;153.46;13
1788;15710;96;2023-04-06;1;665.94;8
1789;33010;555;2024-07-08;6;375.86;9
1790;10280;374;2024-01-09;6;125.44;14
1791;20946;275;2023-10-02;1;757.14;8
1792;5654;79;2023-03-20;7;8280.32;14
1793;4817;336;2023-12-02;6;1476.32;14
1794;36891;699;2024-11-29;2;432.73;6
1795;39174;410;2024-02-14;3;455.1;4
1796;15057;569;2024-07-22;5;782.48;6
1797;13944;724;2024-12-24;6;2732.86;14
1798;21682;614;2024-09-05;7;1145.05;5
1799;35500;475;2024-04-19;5;97.41;3
1800;11029;595;2024-08-17;6;259.31;9
1801;4449;41;2023-02-10;7;1244.96;8
1802;39839;323;2023-11-19;6;1345.97;8
1803;42197;626;2024-09-17;5;1144.1;10
1804;32526;188;2023-07-07;4;2425.81;6
1805;30353;73;2023-03-14;4;1031.96;1
1807;20950;641;2024-10-02;3;1646.94;11
1808;45485;397;2024-02-01;5;1731.62;13
1809;38588;540;2024-06-23;4;6408.89;11
1810;17250;538;2024-06-21;2;10352.87;8
1811;3432;173;2023-06-22;6;359.35;3
1812;46131;286;2023-10-13;2;832.43;3
1813;1793;226;2023-08-14;6;403.64;10
1814;4866;707;2024-12-07;7;285.63;14
1815;27416;457;2024-04-01;1;613.73;11
1816;17915;192;2023-07-11;6;299.9;7
1817;37333;68;2023-03-09;3;630.98;9
1818;7593;355;2023-12-21;7;518.62;10
1819;47135;91;2023-04-01;3;248.48;6
1820;44991;286;2023-10-13;5;314.26;2
1821;40269;604;2024-08-26;3;7047.37;7
1822;5170;589;2024-08-11;3;994.1;1
1823;35152;382;2024-01-17;4;777.43;2
1824;46636;403;2024-02-07;6;7030.67;4
1825;32958;351;2023-12-17;3;14061.34;5
1826;40262;725;2024-12-25;4;2790.58;13
1827;11808;433;2024-03-08;6;1506.31;7
1828;42049;479;2024-04-23;5;10729.32;4
1829;2711;498;2024-05-12;7;11869.93;4
1830;12884;594;2024-08-16;6;197.03;5
1831;46276;720;2024-12-20;6;827.21;8
1832;44109;332;2023-11-28;3;188.61;11
1833;5228;629;2024-09-20;2;1045.08;3
1834;34402;653;2024-10-14;5;4649.51;8
1835;46087;62;2023-03-03;4;4737.74;6
1836;5187;705;2024-12-05;7;24099.21;12
1837;13710;188;2023-07-07;5;181.51;9
1838;18173;520;2024-06-03;5;1314.56;7
1839;39230;272;2023-09-29;5;73.32;13
1840;2580;238;2023-08-26;7;70.19;9
1841;35601;375;2024-01-10;1;5741.61;5
1842;38533;659;2024-10-20;6;2758.14;4
1843;29485;410;2024-02-14;5;178.57;3
1844;25443;671;2024-11-01;4;1531.88;13
1845;46698;679;2024-11-09;2;377.23;5
1846;1585;280;2023-10-07;4;458.04;10
1847;47460;631;2024-09-22;2;254.51;2
1848;18330;276;2023-10-03;1;1672.03;1
1849;8189;335;2023-12-01;5;6590.96;10
1850;8932;307;2023-11-03;6;3726.21;2
1851;33141;534;2024-06-17;6;263.32;2
1852;21589;391;2024-01-26;5;1048.79;9
1853;30814;271;2023-09-28;3;4649.51;4
1854;45261;444;2024-03-19;6;471.49;13
1855;4868;474;2024-04-18;3;602.12;10
1856;9101;631;2024-09-22;6;1188.14;5
1857;21007;176;2023-06-25;2;1680.58;1
1858;42996;636;2024-09-27;1;475.04;1
1859;28564;696;2024-11-26;5;353.24;5
1860;41966;177;2023-06-26;1;6004.49;14
1861;21029;530;2024-06-13;7;5323.16;14
1862;21398;551;2024-07-04;6;839.69;10
1863;30759;702;2024-12-02;3;1558.66;9
1864;26870;441;2024-03-16;5;229.23;1
1865;1705;587;2024-08-09;7;1485.77;2
1866;41474;500;2024-05-14;5;255.14;10
1867;49579;685;2024-11-15;4;107.01;8
1868;47743;348;2023-12-14;1;1549.84;13
1869;11569;111;2023-04-21;7;322.92;4
1870;31449;82;2023-03-23;5;638.19;9
1871;30879;697;2024-11-27;7;7245.28;13
1872;34155;36;2023-02-05;2;5955.97;11
1873;8408;53;2023-02-22;6;849.73;4
1874;45877;469;2024-04-13;7;5352.97;5
1875;10017;456;2024-03-31;4;245.53;12
1876;11045;490;2024-05-04;2;624.96;3
1877;28438;543;2024-06-26;5;236.98;9
1878;27225;253;2023-09-10;6;14692.49;4
1879;25454;389;2024-01-24;2;104.94;3
1880;4422;69;2023-03-10;4;60.88;13
1881;1277;38;2023-02-07;2;62.71;13
1882;27244;250;2023-09-07;1;1576.97;2
1883;331;590;2024-08-12;1;86.45;2
1884;20295;46;2023-02-15;7;695.57;8
1885;2433;337;2023-12-03;7;541.51;8
1886;6348;728;2024-12-28;7;1922.82;6
1887;31810;341;2023-12-07;1;9524.3;2
1888;23469;304;2023-10-31;6;4453.32;4
1889;17392;413;2024-02-17;6;276.51;3
1890;36045;252;2023-09-09;1;371.81;10
1891;39581;38;2023-02-07;4;44.38;8
1892;20256;174;2023-06-23;4;254.51;4
1893;26720;597;2024-08-19;7;433.17;5
1894;9726;488;2024-05-02;3;1031.96;10
1895;42726;718;2024-12-18;1;2776.76;5
1896;14846;495;2024-05-09;3;11275.79;14
1897;4884;731;2024-12-31;4;1051.08;12
1898;40466;632;2024-09-23;4;228.59;13
1899;41337;103;2023-04-13;5;1512.72;1
1900;9799;496;2024-05-10;2;3530.78;8
1901;16430;319;2023-11-15;2;36330.59;10
1902;4265;194;2023-07-13;3;590.49;6
1903;28502;123;2023-05-03;1;3169.31;8
1904;48837;500;2024-05-14;4;3116.91;11
1905;19786;528;2024-06-11;3;334.55;6
1906;15632;392;2024-01-27;4;2523.94;7
1907;11902;327;2023-11-23;7;209.55;6
1908;16113;568;2024-07-21;3;8606.86;2
1909;3716;275;2023-10-02;2;1946.08;10
1910;43726;568;2024-07-21;6;85.13;9
1911;1181;568;2024-07-21;3;245.39;12
1912;6068;104;2023-04-14;2;63.94;2
1913;36254;731;2024-12-31;7;927.47;8
1914;41884;24;2023-01-24;7;357.14;4
1915;950;165;2023-06-14;2;5850.2;3
1916;36503;682;2024-11-12;7;424.75;7
1917;8201;127;2023-05-07;6;1249.24;11
1918;49181;467;2024-04-11;5;6082.95;13
1919;48905;170;2023-06-19;4;3293.88;5
1920;48862;367;2024-01-02;7;419.39;4
1921;42700;152;2023-06-01;4;5739.9;5
1922;44391;449;2024-03-24;1;4258.53;1
1923;12147;472;2024-04-16;4;16564.59;3
1924;29209;583;2024-08-05;5;795.44;2
1925;37982;411;2024-02-15;7;6705.82;10
1926;20970;542;2024-06-25;6;1819.55;6
1927;7991;138;2023-05-18;7;606.52;12
1928;4673;367;2024-01-02;5;2425.51;2
1929;4460;302;2023-10-29;5;263.32;10
1930;25594;292;2023-10-19;1;942.37;3
1931;11114;517;2024-05-31;3;2448.17;7
1932;34681;586;2024-08-08;3;490.78;3
1933;15869;431;2024-03-06;5;13729.69;5
1934;31414;246;2023-09-03;6;752.65;5
1935;13621;250;2023-09-07;7;594.36;13
1936;4156;632;2024-09-23;4;2489.93;11
1937;27885;390;2024-01-25;3;98.5;10
1938;16930;681;2024-11-11;1;366.04;5
1939;26670;633;2024-09-24;1;509.84;2
1940;46227;713;2024-12-13;5;450.64;10
1941;29243;71;2023-03-12;3;1424.79;7
1942;27540;655;2024-10-16;3;181.44;10
1943;25150;336;2023-12-02;2;1113.62;4
1944;20795;446;2024-03-21;3;2510.84;1
1945;18685;43;2023-02-12;2;433.17;10
1946;44362;369;2024-01-04;1;5015.77;3
1947;13327;592;2024-08-14;7;2867.33;6
1948;34830;56;2023-02-25;4;456.57;10
1949;29953;55;2023-02-24;2;7346.24;5
1950;22772;610;2024-09-01;3;1121.82;11
1951;16948;336;2023-12-02;3;37552.6;12
1952;7709;642;2024-10-03;5;2471.4;11
1953;21156;142;2023-05-22;5;2015.54;9
1954;2361;422;2024-02-26;2;501.92;4
1955;49376;434;2024-03-09;5;207.45;3
1956;33642;400;2024-02-04;7;52.47;7
1957;34695;207;2023-07-26;6;114.36;10
1958;49724;193;2023-07-12;5;7844.36;12
1959;36526;253;2023-09-10;7;678.77;4
1960;12007;49;2023-02-18;6;31.0;14
1961;31490;95;2023-04-05;2;753.69;4
1962;39708;277;2023-10-04;2;942.37;11
1963;17009;17;2023-01-17;5;1474.01;10
1964;26176;321;2023-11-17;6;105.42;1
1965;30834;304;2023-10-31;2;1017.29;11
1966;21445;356;2023-12-22;3;468.48;12
1967;43180;496;2024-05-10;3;1070.02;5
1968;29988;557;2024-07-10;1;433.17;3
1969;30722;693;2024-11-23;3;1021.27;8
1970;24788;15;2023-01-15;3;466.58;5
1971;44492;645;2024-10-06;2;289.4;9
1972;44779;326;2023-11-22;4;139.19;8
1973;32430;393;2024-01-28;3;235.68;12
1974;10990;271;2023-09-28;6;204.91;7
1975;22848;266;2023-09-23;6;181.44;3
1976;6677;702;2024-12-02;2;7022.07;12
1977;14529;721;2024-12-21;4;627.71;3
1978;15810;675;2024-11-05;2;832.43;5
1979;3503;708;2024-12-08;4;343.54;13
1980;11949;179;2023-06-28;6;2971.54;2
1981;11210;242;2023-08-30;4;96.04;5
1982;4109;616;2024-09-07;2;15429.01;11
1983;5036;631;2024-09-22;6;13411.64;13
1984;43563;292;2023-10-19;3;594.07;12
1985;18273;535;2024-06-18;7;1617.2;5
1986;47263;634;2024-09-25;4;924.36;6
1987;2523;673;2024-11-03;7;1527.13;5
1988;23167;468;2024-04-12;5;157.62;5
1989;24677;225;2023-08-13;3;1910.72;13
1990;38154;652;2024-10-13;3;1261.97;3
1991;7169;350;2023-12-16;6;17219.7;4
1992;12366;601;2024-08-23;6;1388.38;2
1993;21083;694;2024-11-24;3;927.41;11
1994;43742;467;2024-04-11;3;5726.79;8
1995;39136;92;2023-04-02;4;3354.97;7
1996;33583;707;2024-12-07;7;2230.85;5
1997;31703;47;2023-02-16;2;1005.0;2
1998;38238;471;2024-04-15;7;138.33;9
1999;22359;588;2024-08-10;5;1501.12;7
2000;48247;16;2023-01-16;6;704.89;10
2001;5930;716;2024-12-16;7;2386.16;11
2002;38283;456;2024-03-31;4;95.81;2
2003;40524;35;2023-02-04;1;777.33;3
2004;14750;435;2024-03-10;5;536.85;12
2005;11035;254;2023-09-11;1;1438.63;2
2006;25201;315;2023-11-11;5;327.94;2
2007;29459;161;2023-06-10;4;1882.88;14
2008;1176;376;2024-01-11;1;5777.5;12
2009;38938;332;2023-11-28;7;1386.57;5
2010;48126;12;2023-01-12;6;1362.37;6
2011;47643;730;2024-12-30;1;3109.7;13
2012;6050;117;2023-04-27;5;3054.84;9
2013;35665;201;2023-07-20;7;1443.85;12
2014;38145;303;2023-10-30;5;196.99;5
2015;33826;480;2024-04-24;3;9313.98;13
2016;25387;421;2024-02-25;3;6864.45;2
2017;41042;642;2024-10-03;1;1160.96;1
2018;24933;115;2023-04-25;2;10278.18;7
2019;9764;133;2023-05-13;5;1643.65;8
2020;36882;696;2024-11-26;5;659.48;10
2021;3777;668;2024-10-29;2;286.54;5
2022;10004;185;2023-07-04;3;162.84;14
2023;13034;165;2023-06-14;1;339.1;11
2024;19664;674;2024-11-04;7;8474.09;10
2025;3038;582;2024-08-04;7;269.45;3
2026;46902;87;2023-03-28;4;856.01;2
2027;7064;47;2023-02-16;7;359.35;5
2028;4234;397;2024-02-01;7;93.62;5
2029;27605;237;2023-08-25;4;391.24;10
2030;19647;485;2024-04-29;1;4591.92;10
2031;4983;636;2024-09-27;6;17162.11;13
2032;21177;531;2024-06-14;5;696.06;1
2033;48272;370;2024-01-05;7;3823.05;2
2034;470;466;2024-04-10;7;2869.27;6
2035;12860;203;2023-07-22;3;1058.79;2
2036;33450;557;2024-07-10;7;3880.82;14
2037;18379;368;2024-01-03;4;4195.15;10
2038;25310;446;2024-03-21;5;5872.9;9
2039;24709;593;2024-08-15;2;7612.89;13
2040;29071;566;2024-07-19;4;1227.25;14
2041;4776;715;2024-12-15;4;328.28;14
2042;25025;85;2023-03-26;4;10729.32;10
2043;33433;253;2023-09-10;4;409.82;5
2044;17076;83;2023-03-24;5;957.28;7
2045;18055;606;2024-08-28;3;67.97;3
2046;11669;501;2024-05-15;3;1495.08;3
2047;1098;113;2023-04-23;3;1009.57;5
2048;5371;595;2024-08-17;3;14094.73;4
2049;39073;489;2024-05-03;3;265.37;14
2050;30514;583;2024-08-05;1;1366.43;11
2051;1283;100;2023-04-10;1;99.19;10
2052;37581;172;2023-06-21;2;1007.77;11
2053;41092;605;2024-08-27;1;973.04;3
2054;12582;163;2023-06-12;4;2971.54;6
2055;39516;627;2024-09-18;1;9524.3;14
2056;48075;48;2023-02-17;2;264.5;11
2057;15478;120;2023-04-30;7;753.9;11
2058;5523;346;2023-12-12;1;15026.48;7
2059;23812;25;2023-01-25;2;167.59;3
2060;48467;382;2024-01-17;5;3670.56;9
2061;33047;391;2024-01-26;1;70.06;12
2062;38196;45;2023-02-14;3;8581.06;5
2063;21194;462;2024-04-06;2;593.57;5
2064;45272;474;2024-04-18;6;12974.18;9
2065;10742;668;2024-10-29;5;335.17;13
2066;48560;599;2024-08-21;5;44.38;13
2067;25842;511;2024-05-25;7;957.07;9
2068;43817;32;2023-02-01;1;167.59;3
2069;843;16;2023-01-16;3;848.41;13
2070;10055;310;2023-11-06;1;3471.27;1
2071;2060;696;2024-11-26;6;720.32;13
2072;6205;169;2023-06-18;4;3586.58;3
2073;6176;521;2024-06-04;3;14061.34;9
2074;7366;16;2023-01-16;6;52.47;5
2075;38302;249;2023-09-06;5;90.72;6
2076;3920;284;2023-10-11;2;5323.16;3
2077;32634;502;2024-05-16;7;767.16;14
2078;12552;128;2023-05-08;2;360.29;8
2079;40577;334;2023-11-30;3;244.42;7
2080;33749;380;2024-01-15;6;235.52;3
2081;9532;339;2023-12-05;4;740.59;7
2082;7221;163;2023-06-12;6;520.93;13
2083;21672;385;2024-01-20;2;155.3;10
2084;16782;145;2023-05-25;1;1780.99;11
2085;41582;314;2023-11-10;6;8338.35;8
2086;49613;558;2024-07-11;4;312.48;1
2087;10390;334;2023-11-30;5;7245.28;11
2088;29213;58;2023-02-27;1;162.8;3
2089;17177;196;2023-07-15;7;1890.9;4
2090;46989;664;2024-10-25;2;1118.75;5
2091;47499;226;2023-08-14;2;198.84;9
2092;1711;106;2023-04-16;3;638.14;14
2093;47542;195;2023-07-14;6;5015.77;6
2094;46408;378;2024-01-13;5;73.32;13
2095;26942;333;2023-11-29;5;7247.01;9
2096;33612;707;2024-12-07;6;2076.83;6
2097;28108;628;2024-09-19;3;2010.0;4
2098;31399;35;2023-02-04;3;630.98;9
2099;46193;67;2023-03-08;3;14353.24;5
2100;3169;562;2024-07-15;6;2925.1;2
2101;48316;67;2023-03-08;2;225.32;12
2102;25985;320;2023-11-16;1;119.6;4
2103;5047;494;2024-05-08;7;407.21;8
2104;15713;378;2024-01-13;3;297.18;12
2105;3211;95;2023-04-05;3;360.51;7
2106;45043;600;2024-08-22;1;152.44;13
2107;14086;656;2024-10-17;4;6506.94;5
2108;14765;372;2024-01-07;5;376.33;4
2109;44103;46;2023-02-15;1;719.32;6
2110;19414;697;2024-11-27;4;142.66;8
2111;4349;413;2024-02-17;1;777.43;11
2112;12726;318;2023-11-14;4;1187.77;1
2113;34025;284;2023-10-11;7;2076.83;4
2114;41114;311;2023-11-07;6;3025.04;12
2115;37932;485;2024-04-29;1;187.19;9
2116;16254;539;2024-06-22;5;594.36;2
2117;42985;156;2023-06-05;3;1145.05;3
2118;27292;83;2023-03-24;3;502.17;8
2119;13913;308;2023-11-04;4;1869.15;8
2120;26575;686;2024-11-16;5;139.19;7
2121;43741;656;2024-10-17;5;1832.16;7
2122;15674;187;2023-07-06;6;1817.4;13
2123;3397;473;2024-04-17;3;10363.93;3
2124;11071;373;2024-01-08;3;544.61;4
2125;45456;106;2023-04-16;6;13729.69;7
2126;9888;137;2023-05-17;7;1960.59;3
2127;22904;271;2023-09-28;1;111.82;9
2128;16829;425;2024-02-29;5;2888.75;7
2129;20252;28;2023-01-28;7;795.38;6
2130;43250;699;2024-11-29;1;1064.63;3
2131;33084;706;2024-12-06;6;651.13;7
2132;48499;400;2024-02-04;4;298.42;14
2133;13248;17;2023-01-17;7;465.1;13
2134;18098;440;2024-03-15;5;499.97;2
2135;20566;696;2024-11-26;7;883.38;2
2136;35975;596;2024-08-18;6;433.17;7
2137;32460;150;2023-05-30;3;4790.85;10
2138;7273;214;2023-08-02;5;182.65;10
2139;18875;66;2023-03-07;3;1239.87;1
2140;17625;516;2024-05-30;7;1659.06;4
2141;37774;695;2024-11-25;6;7382.99;5
2142;4830;21;2023-01-21;7;471.05;7
2143;4856;627;2024-09-18;1;930.92;13
2144;33174;707;2024-12-07;1;76.6;7
2145;21213;428;2024-03-03;2;830.6;13
2146;16755;555;2024-07-08;1;163.18;2
2147;32892;632;2024-09-23;2;41186.7;2
2148;27948;535;2024-06-18;2;188.2;2
2149;15336;512;2024-05-26;2;17162.11;3
2150;46684;461;2024-04-05;5;13729.69;10
2151;16163;608;2024-08-30;7;201.82;12
2152;24450;428;2024-03-03;4;138.33;1
2153;3571;171;2023-06-20;7;490.78;10
2154;29638;205;2023-07-24;2;572.05;6
2155;42040;23;2023-01-23;7;422.25;14
2156;16126;601;2024-08-23;2;466.58;12
2157;7950;563;2024-07-16;2;179.68;5
2158;44805;675;2024-11-05;2;247.7;7
2159;34331;416;2024-02-20;6;961.41;2
2160;2494;697;2024-11-27;4;139.19;13
2161;47487;117;2023-04-27;5;1471.01;13
2162;13151;630;2024-09-21;7;303.4;4
2163;33199;621;2024-09-12;7;1078.06;9
2164;17032;276;2023-10-03;6;3265.19;8
2165;39394;249;2023-09-06;7;298.42;5
2166;47115;325;2023-11-21;3;1070.93;1
2167;14596;325;2023-11-21;6;24220.39;4
2168;33943;442;2024-03-17;3;806.22;10
2169;15501;388;2024-01-23;4;974.3;8
2170;11166;458;2024-04-02;1;4858.18;8
2171;48147;561;2024-07-14;4;772.79;9
2172;29646;314;2023-11-10;7;293.57;6
2173;36289;577;2024-07-30;6;398.84;7
2174;33600;182;2023-07-01;1;75.3;6
2175;18443;701;2024-12-01;5;167.66;3
2176;6924;695;2024-11-25;1;343.54;6
2177;36512;464;2024-04-08;5;721.02;3
2178;46482;315;2023-11-11;7;104.55;6
2179;8493;258;2023-09-15;3;5553.53;8
2180;29051;635;2024-09-26;6;4165.96;8
2181;19648;13;2023-01-13;4;165.86;11
2182;11475;600;2024-08-22;6;2925.1;10
2183;25788;566;2024-07-19;6;501.35;5
2184;10272;390;2024-01-25;6;94.19;8
2185;19305;63;2023-03-04;2;636.61;4
2186;28154;452;2024-03-27;4;157.59;1
2187;27706;189;2023-07-08;7;149.21;7
2188;47009;481;2024-04-25;5;312.23;2
2189;37285;62;2023-03-03;5;644.98;14
2190;40352;17;2023-01-17;2;2720.99;5
2191;23679;61;2023-03-02;3;2425.81;14
2192;1864;422;2024-02-26;3;478.54;11
2193;39935;86;2023-03-27;5;271.28;9
2194;2594;131;2023-05-11;6;7270.3;14
2195;11038;151;2023-05-31;4;20680.6;1
2196;33900;102;2023-04-12;7;163.93;5
2197;4977;91;2023-04-01;5;2186.28;13
2198;13633;143;2023-05-23;2;9524.3;12
2199;20639;496;2024-05-10;3;271.51;5
2200;33648;612;2024-09-03;3;303.26;5
2201;36558;347;2023-12-13;1;5775.38;8
2202;22310;78;2023-03-19;1;991.72;11
2203;26377;147;2023-05-27;6;176.98;12
2204;41377;243;2023-08-31;6;129.65;10
2205;28504;435;2024-03-10;5;753.69;2
2206;34233;62;2023-03-03;6;1608.0;2
2207;3699;332;2023-11-28;3;2210.95;1
2208;26140;224;2023-08-12;1;612.05;14
2209;42603;566;2024-07-19;3;371.81;7
2210;29491;342;2023-12-08;4;73.46;10
2211;45840;18;2023-01-18;6;348.03;2
2212;14737;163;2023-06-12;4;679.76;6
2213;35956;479;2024-04-23;3;99.08;9
2214;3520;695;2024-11-25;1;8993.41;6
2215;29414;511;2024-05-25;6;1813.99;12
2216;43375;678;2024-11-08;2;1487.23;9
2217;4963;18;2023-01-18;3;86.45;2
2218;47216;413;2024-02-17;6;544.61;3
2219;17771;414;2024-02-18;2;1717.58;11
2220;16072;703;2024-12-03;3;520.53;14
2221;45843;441;2024-03-16;5;3057.16;13
2222;3886;155;2023-06-04;2;3463.24;9
2223;21825;639;2024-09-30;1;176.98;5
2224;15725;485;2024-04-29;5;493.66;8
2225;2005;394;2024-01-29;1;767.16;2
2226;6057;361;2023-12-27;7;357.14;6
2227;22293;281;2023-10-08;4;586.27;12
2228;3137;654;2024-10-15;6;10352.87;11
2229;21729;451;2024-03-26;7;915.28;14
2230;13098;698;2024-11-28;6;861.03;11
2231;34428;283;2023-10-10;1;2782.4;11
2232;44344;120;2023-04-30;2;840.12;6
2233;49722;462;2024-04-06;7;335.51;11
2234;44727;124;2023-05-04;7;334.58;11
2235;4316;259;2023-09-16;2;624.96;14
2236;11434;328;2023-11-24;1;1570.55;11
2237;33239;435;2024-03-10;6;191.45;5
2238;47413;482;2024-04-26;4;366.43;3
2239;29367;618;2024-09-09;7;1230.05;6
2240;31024;17;2023-01-17;2;94.19;11
2241;17622;584;2024-08-06;6;397.48;10
2242;13353;318;2023-11-14;4;111.64;6
2243;25261;185;2023-07-04;7;1758.82;9
2244;4806;696;2024-11-26;2;1318.02;12
2246;29469;281;2023-10-08;6;2773.08;9
2247;30897;345;2023-12-11;7;6506.94;7
2248;22884;443;2024-03-18;4;5021.68;12
2249;42329;123;2023-05-03;1;594.89;9
2250;28815;471;2024-04-15;1;4836.16;12
2251;34797;48;2023-02-17;4;117.76;4
2252;48681;701;2024-12-01;3;85.23;2
2253;16523;614;2024-09-05;6;117.76;12
2254;34411;44;2023-02-13;1;461.81;13
2255;30294;40;2023-02-09;1;704.89;3
2256;16862;223;2023-08-11;3;1244.96;5
2257;37200;79;2023-03-20;6;619.68;9
2258;37715;23;2023-01-23;2;6864.45;9
2259;26362;273;2023-09-30;5;233.99;5
2260;23393;128;2023-05-08;1;594.07;5
2261;40907;131;2023-05-11;3;30451.56;5
2262;36274;287;2023-10-14;7;104.94;6
2263;34976;616;2024-09-07;7;331.22;13
2264;48572;571;2024-07-24;6;96.04;13
2265;22637;382;2024-01-17;3;6705.82;3
2266;38161;685;2024-11-15;1;110.84;13
2267;32791;151;2023-05-31;4;599.8;12
2268;34516;699;2024-11-29;7;4393.97;1
2269;342;375;2024-01-10;6;2925.1;1
2270;28852;166;2023-06-15;6;306.91;11
2271;15640;612;2024-09-03;2;187.93;1
2272;7482;63;2023-03-04;4;1561.55;9
2273;22173;496;2024-05-10;1;1180.98;8
2274;16236;195;2023-07-14;6;6955.8;3
2275;34440;386;2024-01-21;2;349.18;11
2276;9304;319;2023-11-15;4;264.56;7
2277;31764;259;2023-09-16;5;7603.69;14
2278;4409;539;2024-06-22;3;1363.34;3
2279;15128;124;2023-05-04;6;14061.34;1
2280;20466;374;2024-01-09;7;6955.8;5
2281;15179;139;2023-05-19;5;9087.88;10
2282;16049;598;2024-08-20;3;383.58;5
2283;22270;172;2023-06-21;5;2782.27;13
2284;48939;337;2023-12-03;7;467.93;3
2285;19682;723;2024-12-23;5;1438.63;1
2286;18684;494;2024-05-08;7;3216.0;11
2287;35536;36;2023-02-05;7;6705.82;12
2288;16108;303;2023-10-30;3;1160.39;7
2289;13760;582;2024-08-04;5;1838.76;13
2290;24494;324;2023-11-20;2;1081.9;7
2291;33815;619;2024-09-10;4;2226.66;2
2292;38797;546;2024-06-29;5;258.23;5
2293;9829;711;2024-12-11;2;1239.65;8
2294;37811;620;2024-09-11;2;1391.14;6
2295;45298;641;2024-10-02;5;15429.01;5
2296;36297;463;2024-04-07;1;163.93;5
2297;19139;213;2023-08-01;5;229.7;6
2298;28890;321;2023-11-17;5;5352.27;4
2299;11430;322;2023-11-18;3;80.05;6
2300;8474;315;2023-11-11;4;262.13;6
2301;31429;59;2023-02-28;5;131.66;5
2302;25230;710;2024-12-10;7;2637.43;7
2303;48134;694;2024-11-24;1;14765.97;11
2304;5344;186;2023-07-05;3;196.99;5
2305;6430;90;2023-03-31;3;280.04;9
2306;10099;377;2024-01-12;7;665.33;12
2307;32320;27;2023-01-27;1;433.17;2
2308;19892;729;2024-12-29;1;490.78;5
2309;7469;255;2023-09-12;3;1438.63;8
2310;34030;379;2024-01-14;4;119.66;4
2311;38248;326;2023-11-22;2;651.13;3
2312;9621;400;2024-02-04;7;896.65;3
2313;24561;7;2023-01-07;2;1817.4;3
2314;5298;438;2024-03-13;2;479.84;3
2315;10440;346;2023-12-12;1;17300.28;4
2316;18111;649;2024-10-10;3;2637.43;2
2317;9562;467;2024-04-11;4;638.14;9
2318;48361;511;2024-05-25;7;1272.55;9
2319;7457;634;2024-09-25;3;1003.84;7
2320;8664;70;2023-03-11;3;268.14;3
2321;43406;688;2024-11-18;4;250.53;12
2322;13507;673;2024-11-03;5;1391.14;4
2323;6891;696;2024-11-26;7;12013.48;6
2324;46831;509;2024-05-23;2;9524.3;10
2325;46704;61;2023-03-02;1;254.51;5
2326;39127;569;2024-07-22;5;5741.61;12
2327;38473;674;2024-11-04;7;441.7;7
2328;6194;570;2024-07-23;5;832.43;13
2329;33181;430;2024-03-05;3;2508.05;13
2330;4253;78;2023-03-19;1;100.35;12
2331;15954;420;2024-02-24;7;454.35;5
2332;30521;375;2024-01-10;7;181.51;9
2333;22808;11;2023-01-11;4;910.2;7
2334;21584;701;2024-12-01;7;387.11;9
2335;2419;267;2023-09-24;1;2462.03;7
2336;43474;49;2023-02-18;5;1318.72;9
2337;24110;311;2023-11-07;5;1088.26;3
2338;36561;130;2023-05-10;5;788.48;1
2339;31406;108;2023-04-18;7;744.15;3
2340;29906;149;2023-05-29;6;408.04;13
2341;1955;17;2023-01-17;4;104.56;9
2342;35072;16;2023-01-16;4;6423.86;12
2343;45791;334;2023-11-30;5;7022.07;4
2344;10658;379;2024-01-14;3;8970.77;11
2345;3026;415;2024-02-19;4;774.92;13
2346;27392;269;2023-09-26;5;24288.57;8
2347;13971;593;2024-08-15;4;209.69;2
2348;2117;347;2023-12-13;1;927.47;1
2349;44219;545;2024-06-28;1;3158.5;2
2350;18634;682;2024-11-12;7;1127.73;3
2351;7921;652;2024-10-13;5;1730.54;6
2352;31123;561;2024-07-14;3;1644.67;7
2353;7343;634;2024-09-25;4;152.87;11
2354;22168;227;2023-08-15;3;1244.96;3
2355;14132;486;2024-04-30;6;268.36;8
2356;2869;449;2024-03-24;5;1328.96;6
2357;3654;92;2023-04-02;7;753.9;12
2358;21995;397;2024-02-01;6;945.45;2
2359;22372;356;2023-12-22;2;15026.48;7
2360;26474;703;2024-12-03;5;432.73;8
2361;9737;639;2024-09-30;6;1261.97;8
2362;49794;288;2023-10-15;1;930.92;2
2363;26601;608;2024-08-30;5;1780.99;2
2364;25542;407;2024-02-11;1;683.42;8
2365;38906;422;2024-02-26;5;2479.48;5
2366;15086;592;2024-08-14;7;170.27;9
2367;40413;180;2023-06-29;5;159.28;3
2368;18279;29;2023-01-29;4;129.11;1
2369;18290;574;2024-07-27;5;224.03;14
2370;2970;513;2024-05-27;5;4631.47;8
2371;28557;324;2023-11-20;4;526.86;12
2372;6836;37;2023-02-06;3;209.69;9
2373;45468;168;2023-06-17;7;10389.71;14
2374;13580;508;2024-05-22;1;348.36;6
2375;32129;686;2024-11-16;5;415.85;10
2376;23444;307;2023-11-03;3;2243.64;12
2377;145;606;2024-08-28;1;1443.85;6
2378;29707;67;2023-03-08;5;195.14;8
2379;9878;248;2023-09-05;3;1529.9;11
2380;17582;634;2024-09-25;5;2076.83;2
2381;33252;201;2023-07-20;6;836.02;1
2382;16345;723;2024-12-23;1;599.8;12
2383;24104;143;2023-05-23;5;325.61;3
2384;47235;422;2024-02-26;6;527.26;4
2385;4623;224;2023-08-12;4;6955.8;3
2386;40553;318;2023-11-14;1;1362.25;10
2387;1254;279;2023-10-06;3;986.05;3
2388;13076;380;2024-01-15;3;1780.99;14
2389;28365;25;2023-01-25;2;644.98;3
2390;7144;246;2023-09-03;4;4165.15;3
2391;17839;311;2023-11-07;3;5322.58;5
2392;31493;389;2024-01-24;1;93.62;5
2393;30169;544;2024-06-27;1;244.36;12
2394;41841;453;2024-03-28;2;1093.48;4
2395;40085;348;2023-12-14;6;239.32;2
2396;12801;374;2024-01-09;2;7612.89;8
2397;6195;464;2024-04-08;1;229.23;14
2398;13686;507;2024-05-21;3;211.24;1
2399;23380;722;2024-12-22;2;933.17;2
2400;27064;318;2023-11-14;6;1801.77;1
2401;34163;457;2024-04-01;1;178.91;2
2402;45521;39;2023-02-08;1;193.4;3
2403;16543;652;2024-10-13;7;109.43;2
2405;26766;665;2024-10-26;5;2292.12;11
2406;49616;718;2024-12-18;3;617.08;9
2407;10854;674;2024-11-04;4;9327.6;7
2408;29181;347;2023-12-13;7;15570.25;8
2409;39363;664;2024-10-25;4;823.18;2
2410;38960;453;2024-03-28;2;24686.42;11
2411;12372;668;2024-10-29;3;553.02;5
2412;44510;152;2023-06-01;5;172.91;12
2413;28233;355;2023-12-21;5;1793.29;4
2414;12124;647;2024-10-08;1;215.38;11
2415;17312;684;2024-11-14;6;213.34;7
2416;33818;444;2024-03-19;5;13729.69;2
2417;3618;400;2024-02-04;4;116.99;1
2418;1122;199;2023-07-18;4;52.47;4
2419;48746;336;2023-12-02;2;8972.44;2
2420;26186;413;2024-02-17;7;170.86;9
2421;31589;74;2023-03-15;6;335.51;5
2422;43814;198;2023-07-17;1;463.73;12
2423;24804;341;2023-12-07;3;7245.28;13
2424;28453;714;2024-12-14;5;1188.14;11
2425;35352;690;2024-11-20;5;646.54;4
2426;32606;440;2024-03-15;7;7619.44;10
2427;31578;79;2023-03-20;2;11249.07;13
2428;32898;351;2023-12-17;6;774.68;14
2429;21749;683;2024-11-13;6;83.83;3
2430;10211;258;2023-09-15;2;596.19;1
2431;30479;216;2023-08-04;4;5194.85;1
2432;24527;318;2023-11-14;3;2424.27;6
2433;39454;54;2023-02-23;5;199.43;7
2434;48003;409;2024-02-13;5;619.82;7
2435;21366;260;2023-09-17;4;2557.87;8
2436;22816;701;2024-12-01;4;583.45;1
2437;33754;243;2023-08-31;6;636.61;10
2438;41620;219;2023-08-07;4;651.13;7
2439;20331;671;2024-11-01;7;10547.12;11
2440;27652;271;2023-09-28;2;1188.72;6
2441;16034;382;2024-01-17;4;808.6;2
2442;45694;397;2024-02-01;7;465.46;14
2443;43868;137;2023-05-17;5;271.51;8
2444;7880;89;2023-03-30;3;1606.14;14
2445;2085;335;2023-12-01;4;24220.39;4
2446;36921;375;2024-01-10;2;59.88;7
2447;12688;344;2023-12-10;5;10352.87;3
2448;13322;30;2023-01-30;3;1347.5;12
2449;17833;538;2024-06-21;4;12817.78;12
2450;32611;350;2023-12-16;2;162.84;5
2451;46169;661;2024-10-22;5;2732.86;1
2452;45418;334;2023-11-30;5;1166.89;5
2453;4036;149;2023-05-29;2;239.32;5
2454;23657;669;2024-10-30;5;198.84;4
2455;19013;295;2023-10-22;4;714.29;1
2456;44034;617;2024-09-08;7;159.49;10
2457;400;317;2023-11-13;1;432.73;5
2458;28161;156;2023-06-05;1;368.84;5
2459;17437;465;2024-04-09;3;12343.21;10
2460;41096;280;2023-10-07;6;17941.55;2
2461;22495;230;2023-08-18;3;808.6;14
2462;30823;323;2023-11-19;6;637.14;14
2464;40023;292;2023-10-19;2;1793.29;7
2465;12760;407;2024-02-11;1;119.66;7
2466;31167;199;2023-07-18;3;17213.72;9
2467;6468;412;2024-02-16;4;797.68;8
2468;32238;534;2024-06-17;1;13911.6;7
2469;1373;622;2024-09-13;2;109.98;13
2470;38359;381;2024-01-16;2;2331.9;9
2471;927;520;2024-06-03;4;3818.54;7
2472;35818;601;2024-08-23;1;458.04;3
2473;10116;201;2023-07-20;7;463.73;8
2474;8319;433;2024-03-08;6;459.41;13
2475;26073;310;2023-11-06;2;203.8;8
2476;29730;699;2024-11-29;4;131.55;12
2477;9626;250;2023-09-07;6;167.59;14
2478;3786;582;2024-08-04;5;174.59;7
2479;20886;556;2024-07-09;2;3036.36;9
2480;6905;425;2024-02-29;7;6746.83;14
2481;6479;120;2023-04-30;7;2902.39;4
2482;27149;370;2024-01-05;7;3109.32;11
2483;33658;590;2024-08-12;6;324.77;11
2484;38900;437;2024-03-12;4;491.06;5
2485;26817;7;2023-01-07;5;729.48;3
2486;35547;374;2024-01-09;5;74.68;5
2487;41572;218;2023-08-06;4;98.5;4
2488;24448;548;2024-07-01;4;5390.02;14
2489;30246;532;2024-06-15;7;2948.02;2
2490;22558;603;2024-08-25;3;2661.58;1
2491;45579;465;2024-04-09;7;319.09;2
2493;25981;225;2023-08-13;6;380.23;8
2494;5865;551;2024-07-04;5;350.05;9
2495;6530;449;2024-03-24;7;1018.57;4
2496;10537;558;2024-07-11;3;261.46;7
2497;28213;184;2023-07-03;5;3138.55;9
2498;7361;700;2024-11-30;4;465.73;5
2499;38903;89;2023-03-30;6;608.36;11
2500;12511;266;2023-09-23;5;715.8;13
